street,city,zip,state,beds,baths,sqft,type,sale_date,price,latitude,longitude
7584,DAKOTA,IR,MI,1,3,900,Condo,2014-08-07,5474500.67,37.882586,-120.690222
6223,ALABAMA,TL,AL,8,4,534,Residental,2020-03-25,1011868.65,37.511701,-120.949369
2018,SACRAMENTO,MW,SD,7,3,690,Condo,2011-10-15,3105898.43,38.692164,-120.152648
2682,DAKOTA,SL,AL,8,7,365,Condo,2020-04-12,4560511.94,38.357174,-119.407269
9006,MICHIGAN,SH,SD,2,3,837,Residental,2011-10-09,8823068.83,38.383373,-120.834638
11231,IDAHO,SL,CA,3,6,755,Condo,2017-10-14,4218421.25,37.208886,-119.415894
828,MICHIGAN,AI,ID,2,7,1309,Residental,2019-09-01,8277119.78,37.301507,-120.262409
1579,SACRAMENTO,AM,SD,1,2,373,Condo,2018-10-14,4466658.02,37.962506,-120.549188
3574,ALABAMA,FR,AL,3,2,966,Residental,2011-07-04,409990.87,38.236663,-120.721193
8552,DAKOTA,MU,AL,4,3,803,Residental,2020-11-27,7397143.13,37.436041,-119.38339
2399,MICHIGAN,CS,SD,3,5,1416,Condo,2015-08-30,2584879.73,38.567734,-119.902006
6464,SACRAMENTO,NI,CA,1,6,850,Residental,2014-12-08,4325035.7,37.827314,-119.938114
5039,SACRAMENTO,RO,CA,3,6,1408,Condo,2010-03-23,415829.66,37.642931,-119.180073
395,SACRAMENTO,VE,CA,5,5,1113,Condo,2015-04-22,4538683.38,37.810954,-119.27339
5470,SACRAMENTO,BY,ID,6,7,655,Residental,2019-06-15,4933039.27,37.958949,-120.806079
9671,IDAHO,AZ,AL,4,3,345,Condo,2017-01-03,2362921.4,38.141179,-120.608023
2557,DAKOTA,MK,ID,4,5,158,Residental,2019-04-09,3718730.51,38.52622,-119.650711
1114,SACRAMENTO,PS,AL,2,2,339,Condo,2020-02-11,1503704.35,37.517439,-120.924783
852,DAKOTA,CK,ID,7,3,162,Residental,2018-05-30,5379836.95,38.120971,-119.818092
3077,MICHIGAN,MH,CA,2,3,1090,Residental,2016-09-01,5947620.33,37.274286,-120.559068
5682,DAKOTA,ST,MI,7,7,198,Condo,2014-07-28,2036377.99,37.81942,-119.705091
11230,SACRAMENTO,SJ,MI,3,5,1172,Residental,2019-04-16,2056288.96,37.822822,-120.200039
6602,IDAHO,DZ,ID,6,2,472,Residental,2016-09-21,1160224.04,38.60094,-120.549483
5211,ALABAMA,WS,CA,2,2,497,Condo,2018-09-02,4311856.3,37.372132,-120.525651
2344,MICHIGAN,GR,CA,2,1,1454,Condo,2015-10-16,194601.47,37.143948,-120.177333
1541,DAKOTA,VU,ID,7,3,1454,Condo,2020-05-27,7784427.57,37.174836,-120.605248
9839,DAKOTA,CR,AL,6,5,985,Residental,2017-03-25,6543734.55,37.254589,-120.777575
7909,SACRAMENTO,BH,ID,8,5,1303,Residental,2013-09-09,154474.33,37.702573,-120.919152
9669,IDAHO,MG,MI,4,3,440,Residental,2010-08-15,3137232.23,38.963855,-120.80133
10726,ALABAMA,SJ,MI,1,2,1442,Residental,2020-03-08,1265739.38,38.379815,-120.660475
7483,DAKOTA,CZ,ID,5,1,840,Residental,2017-07-28,4396645.94,37.846968,-119.144373
4223,MICHIGAN,IQ,ID,5,4,1471,Residental,2018-06-21,1781956.63,38.772006,-120.282388
6547,DAKOTA,PW,AL,4,3,739,Condo,2016-06-17,2586368.34,38.340462,-120.730495
2527,DAKOTA,AG,CA,6,3,1411,Residental,2013-12-18,4819605.49,37.078956,-120.684844
4595,DAKOTA,EC,MI,2,7,792,Residental,2018-01-03,8193033.92,37.997557,-119.879318
6166,ALABAMA,GQ,ID,7,3,1206,Residental,2019-06-21,5754698.37,38.41731,-119.790328
7620,IDAHO,BB,ID,8,5,443,Condo,2012-05-12,554419.85,38.262192,-120.904072
7519,MICHIGAN,KH,SD,7,6,946,Residental,2011-04-16,1001444.18,37.989811,-120.410004
8449,DAKOTA,TO,ID,1,6,406,Residental,2020-06-19,2181287.65,37.757125,-120.136396
9782,ALABAMA,UG,MI,3,3,1386,Residental,2013-05-10,7558724.98,38.295686,-120.894719
119,MICHIGAN,GL,SD,6,2,245,Condo,2015-11-28,1064015.79,38.569494,-120.195791
6924,ALABAMA,NR,AL,2,7,1063,Condo,2010-03-14,7999424.4,37.699888,-119.961511
1424,ALABAMA,TZ,AL,6,3,313,Condo,2017-02-28,4686934.47,37.634969,-119.562841
5076,SACRAMENTO,AZ,ID,5,7,1042,Condo,2010-06-06,5975215.35,37.175382,-119.635243
3758,IDAHO,BM,CA,8,6,210,Residental,2016-10-22,8103638.69,37.699276,-120.012013
7845,ALABAMA,OM,MI,6,2,467,Residental,2012-08-23,2898606.35,38.873547,-120.612798
10559,DAKOTA,PW,ID,3,4,294,Condo,2009-09-01,7204571.18,38.542269,-119.757033
6769,ALABAMA,JE,MI,4,1,1452,Residental,2014-09-26,8914066.21,37.854603,-119.353131
871,SACRAMENTO,FJ,MI,3,7,979,Condo,2015-11-22,4492762.59,38.141454,-119.858106
8625,DAKOTA,SA,MI,6,5,1269,Residental,2015-10-29,8501280.79,37.178078,-119.385915
7797,ALABAMA,LC,ID,7,6,154,Condo,2017-10-10,2733093.65,37.603358,-120.349036
8652,IDAHO,NP,MI,7,7,912,Condo,2009-11-02,3474723.33,37.518474,-120.012962
3396,ALABAMA,FM,SD,6,4,618,Residental,2017-06-04,5991754.59,37.630307,-119.567457
10162,MICHIGAN,MU,CA,7,5,1166,Residental,2020-04-13,8596360.48,38.080349,-119.64639
9294,SACRAMENTO,PM,MI,2,2,412,Condo,2017-01-13,2964581.31,38.170731,-120.35825
8547,ALABAMA,WF,CA,7,5,132,Residental,2012-01-27,1476295.03,38.42278,-119.628111
5381,MICHIGAN,MS,SD,3,3,141,Residental,2020-06-05,3233236.98,38.827043,-119.21292
6917,IDAHO,SK,MI,8,1,403,Residental,2018-09-13,1993148.45,37.979797,-119.91379
6385,ALABAMA,LS,CA,3,7,1024,Condo,2014-08-16,1525460.83,38.97183,-119.639756
9523,MICHIGAN,SV,MI,1,7,328,Condo,2018-09-18,493736.64,37.872563,-120.854221
1627,SACRAMENTO,CO,ID,6,1,930,Residental,2014-06-27,1524296.16,37.905272,-120.300628
8574,MICHIGAN,NC,MI,8,5,1315,Residental,2016-09-07,2676026.38,37.846951,-119.190314
10587,MICHIGAN,NE,ID,6,4,256,Residental,2010-11-05,8707325.34,37.350241,-119.902935
8922,ALABAMA,KP,AL,2,2,1335,Condo,2010-08-07,3060070.78,37.178344,-120.121734
3242,ALABAMA,IL,SD,4,2,1304,Residental,2016-06-29,197477.47,37.429616,-120.789671
5006,ALABAMA,AW,CA,4,1,313,Condo,2016-08-05,6866177.63,38.393393,-120.67262
2537,DAKOTA,AO,ID,6,4,647,Condo,2015-02-24,8629271.14,38.340277,-120.588027
9299,DAKOTA,ID,SD,1,3,682,Condo,2012-09-09,8919800.9,37.083322,-120.873057
11426,ALABAMA,BT,AL,6,4,286,Residental,2014-03-23,4214199.4,37.884471,-120.817372
4958,IDAHO,DM,AL,1,6,826,Residental,2020-05-03,6182366.65,37.927689,-119.370211
8251,DAKOTA,HT,SD,6,5,1295,Residental,2013-02-06,6349712.74,38.175439,-119.923301
8744,ALABAMA,TF,SD,5,4,179,Residental,2012-05-09,4651069.93,37.250089,-120.055929
7132,SACRAMENTO,BW,MI,5,6,688,Residental,2014-04-26,5778151.78,38.849812,-119.372038
2126,SACRAMENTO,PY,AL,1,7,1324,Condo,2013-02-05,5825172.74,37.323218,-119.552721
5743,IDAHO,PN,MI,7,1,1207,Residental,2011-06-28,474147.18,37.330909,-119.739747
1342,ALABAMA,HT,ID,7,6,1257,Condo,2018-03-27,5841397.96,37.033,-119.705215
10900,DAKOTA,SE,SD,5,1,838,Condo,2017-06-16,1391757.44,37.107525,-120.473378
571,ALABAMA,NR,CA,1,7,1174,Condo,2016-10-09,1803796.89,37.894706,-119.297518
494,MICHIGAN,TV,AL,3,4,178,Residental,2011-06-18,3993825.64,38.261424,-119.497826
3165,ALABAMA,UA,AL,3,3,1170,Residental,2018-11-30,5135367.21,37.449494,-119.186811
5001,IDAHO,BH,AL,5,6,1362,Condo,2015-09-21,1385362.29,38.019855,-120.245958
805,IDAHO,KG,ID,3,3,1080,Condo,2015-10-23,3890309.66,37.220744,-120.09637
6721,IDAHO,ES,AL,3,3,812,Residental,2011-12-16,1607469.38,37.421313,-119.129157
7287,IDAHO,PS,ID,8,2,315,Condo,2015-12-08,4291829.95,38.053971,-119.587787
7673,MICHIGAN,IQ,AL,4,1,405,Residental,2013-05-09,7940796.91,37.044912,-120.184832
11359,IDAHO,TK,AL,4,4,972,Residental,2015-07-23,7751859.13,38.952176,-120.605387
2341,IDAHO,LR,MI,8,7,1073,Condo,2019-09-09,4427528.19,38.037472,-120.655996
8175,IDAHO,SR,MI,5,4,506,Condo,2014-10-23,94713.25,37.189032,-120.075269
8213,MICHIGAN,TR,ID,7,7,985,Condo,2017-01-15,8695869.86,37.457404,-120.305892
2189,IDAHO,EH,MI,6,2,805,Condo,2010-04-17,6042159.25,37.125493,-120.912151
6194,SACRAMENTO,KH,CA,1,4,200,Residental,2014-09-17,8131659.44,38.542782,-119.017389
2538,IDAHO,FK,ID,6,6,369,Condo,2016-08-23,1717083.6,37.919705,-119.059039
8291,ALABAMA,KN,CA,1,3,591,Condo,2019-12-09,4109931.41,38.095211,-119.041865
7975,IDAHO,KM,AL,5,4,874,Residental,2012-04-19,7161229.93,38.528293,-119.728663
3910,DAKOTA,BF,ID,6,4,1410,Residental,2016-07-05,5033084.75,37.22979,-120.289849
621,ALABAMA,YE,AL,7,2,1199,Condo,2019-07-09,2218262.58,38.200132,-120.636723
7459,IDAHO,GT,CA,3,4,724,Residental,2010-09-16,2769252.65,37.650959,-119.939429
764,ALABAMA,IN,CA,3,2,535,Residental,2019-03-19,7746522.35,37.886417,-119.968235
5499,DAKOTA,LK,AL,4,2,1164,Residental,2009-09-08,2463177.12,37.987697,-120.449758
10764,IDAHO,BS,AL,5,5,1129,Condo,2013-09-19,6855859.8,37.159139,-120.153508
2350,ALABAMA,EH,CA,8,2,626,Condo,2015-02-12,2318450.53,37.498759,-119.998924
5037,IDAHO,VG,MI,6,2,886,Condo,2014-12-23,4043218.32,37.507598,-119.406042
4722,ALABAMA,GI,AL,3,7,760,Residental,2013-11-23,5362061.56,38.410816,-120.083615
4124,DAKOTA,DZ,SD,6,3,643,Residental,2011-01-04,4584028.93,37.215413,-120.196786
2498,MICHIGAN,BW,MI,1,1,998,Residental,2009-10-29,6988147.53,38.091315,-120.610582
1728,SACRAMENTO,NA,ID,2,4,953,Residental,2014-12-23,4837611.96,38.634327,-119.466921
6025,ALABAMA,GE,SD,8,4,755,Condo,2011-07-14,6560965.7,38.659109,-120.275116
1562,MICHIGAN,CH,CA,3,7,929,Residental,2010-10-31,2591359.22,37.23623,-119.399133
4093,ALABAMA,AD,AL,2,7,1142,Condo,2014-07-30,1864829.58,37.948854,-119.622906
8340,DAKOTA,AU,SD,7,6,1043,Residental,2020-08-05,6130529.06,38.23461,-120.871582
10796,IDAHO,SA,MI,4,5,1187,Condo,2012-12-03,1873907.28,38.960295,-120.704891
5080,MICHIGAN,HM,AL,1,6,129,Condo,2012-04-05,5548155.4,38.114977,-119.652757
2155,IDAHO,BR,AL,7,6,188,Condo,2011-12-12,5744553.76,38.343757,-119.290416
279,IDAHO,BJ,AL,2,3,363,Residental,2020-12-07,8146480.81,38.117705,-120.178297
2755,SACRAMENTO,TV,AL,6,1,1267,Condo,2018-02-12,846057.42,38.812439,-120.703197
3373,DAKOTA,PS,CA,4,5,367,Residental,2018-03-20,6473844.92,37.844665,-119.825248
6675,DAKOTA,HN,CA,1,5,817,Condo,2013-09-01,4754047.86,37.765023,-120.339545
3934,IDAHO,EC,CA,8,7,738,Residental,2012-06-28,927966.32,38.886105,-120.582197
10671,IDAHO,SR,CA,1,3,509,Residental,2009-08-15,2576455.46,37.586705,-120.504798
6904,ALABAMA,TC,ID,8,6,886,Condo,2010-11-15,965077.33,38.064097,-120.873958
6416,IDAHO,ZW,MI,2,6,594,Residental,2014-11-01,7491268.61,38.54605,-120.621305
7727,SACRAMENTO,MU,AL,5,2,362,Residental,2020-01-04,1337478.56,37.665505,-119.056352
4348,MICHIGAN,NI,MI,3,6,195,Residental,2011-11-15,6656671.22,37.088452,-120.281305
10436,ALABAMA,PW,MI,2,2,682,Condo,2020-11-26,1735243.12,38.690963,-120.493868
10348,ALABAMA,CA,MI,5,4,396,Residental,2017-05-11,3489867.99,38.034444,-120.55067
3601,DAKOTA,KG,SD,2,5,1418,Condo,2019-03-15,8537592.07,38.301836,-119.907164
8353,DAKOTA,SN,ID,1,6,1487,Residental,2013-04-18,3732017.61,37.373042,-120.25315
7780,DAKOTA,TL,CA,4,4,726,Residental,2016-09-28,449657.58,38.763283,-120.484739
813,IDAHO,VN,ID,4,6,1174,Residental,2015-12-01,6110894.64,38.569441,-120.618691
9643,ALABAMA,DJ,CA,1,1,248,Condo,2012-07-08,1424937.54,38.475952,-120.196957
2924,DAKOTA,BS,CA,2,6,268,Condo,2020-06-15,6917947.87,38.686779,-119.621568
5575,ALABAMA,AF,SD,3,7,1202,Condo,2013-02-12,6539455.61,38.249199,-119.631643
10714,ALABAMA,JE,AL,2,4,355,Residental,2015-01-06,7291760.79,37.629771,-119.928064
6475,SACRAMENTO,SD,CA,2,4,184,Residental,2009-07-24,3867782.32,38.203538,-120.10465
11156,IDAHO,SD,ID,3,6,1256,Condo,2014-04-10,6394934.13,37.443573,-119.95454
7490,MICHIGAN,PL,CA,4,6,1245,Residental,2014-06-20,2575210.47,37.080377,-119.097529
11473,DAKOTA,GW,MI,2,6,372,Condo,2014-07-31,594798.24,37.661494,-120.822202
8380,MICHIGAN,IL,AL,8,6,761,Residental,2016-06-25,1321278.3,37.700155,-120.248617
4128,SACRAMENTO,TJ,AL,8,4,1455,Residental,2016-01-11,4551157.3,38.14003,-120.569715
353,DAKOTA,SY,AL,8,3,1270,Residental,2018-03-06,8226340.12,38.51374,-119.420897
6219,MICHIGAN,HT,ID,5,6,1354,Condo,2019-08-02,4782040.13,38.506507,-120.355402
10295,MICHIGAN,CX,SD,8,4,120,Condo,2018-07-04,2774754.91,38.694339,-120.903002
7409,ALABAMA,CA,SD,5,7,589,Residental,2012-02-19,1938585.62,37.81257,-120.477971
8408,SACRAMENTO,IE,AL,7,2,1293,Residental,2015-09-05,1609902.18,38.452017,-120.849841
11094,MICHIGAN,PM,ID,4,1,1360,Residental,2010-06-05,6588293.46,37.343607,-120.300165
4431,MICHIGAN,TW,AL,5,4,465,Residental,2011-11-16,4567955.68,38.74785,-120.187664
6731,ALABAMA,UY,ID,6,6,1369,Residental,2016-05-21,6948120.15,38.398552,-120.155085
5598,DAKOTA,IQ,ID,1,3,104,Condo,2009-10-17,2048660.77,37.9807,-120.836275
3918,IDAHO,VI,ID,6,1,626,Residental,2020-01-05,4498295.95,37.173756,-120.211066
7827,DAKOTA,AN,AL,3,1,1449,Condo,2015-11-15,8275880.08,38.675295,-120.239565
4457,ALABAMA,GU,CA,8,7,346,Condo,2013-09-09,8734483,37.219281,-120.844359
10624,SACRAMENTO,JM,MI,4,3,511,Residental,2010-02-17,2316980.74,38.852439,-120.12958
6513,ALABAMA,VI,MI,5,2,215,Residental,2013-11-05,836074.08,37.477338,-120.839229
3180,MICHIGAN,AD,SD,4,4,629,Residental,2009-07-11,1550195.85,38.592826,-119.541687
9132,DAKOTA,KZ,AL,4,6,335,Condo,2011-01-20,8859723.08,38.817994,-119.983133
4620,DAKOTA,CL,AL,6,4,1169,Residental,2015-11-11,8399873.83,37.647078,-119.369371
992,IDAHO,GT,ID,1,4,1292,Condo,2017-11-18,1646854.66,37.109573,-119.062643
10551,MICHIGAN,NE,ID,4,2,1136,Residental,2010-06-22,628395.4,37.466406,-120.166646
2371,IDAHO,BF,MI,5,6,984,Condo,2020-09-28,681939.05,38.823021,-119.035429
1790,MICHIGAN,CX,ID,8,1,901,Residental,2010-01-24,847122.04,37.306644,-120.129282
5803,ALABAMA,IQ,MI,6,3,1478,Residental,2010-01-02,8385248.01,37.449555,-120.267713
6032,DAKOTA,VU,CA,5,4,1181,Condo,2011-05-02,6436969.89,37.755799,-120.374099
8065,ALABAMA,WS,SD,3,3,1171,Condo,2015-03-11,2884895.83,37.249428,-119.95336
416,DAKOTA,CX,MI,3,1,418,Residental,2013-05-13,7731200.78,37.75329,-119.207366
9621,MICHIGAN,SC,AL,7,4,1034,Residental,2020-02-04,4611740.62,38.902954,-119.889392
487,MICHIGAN,UY,ID,8,2,399,Condo,2019-10-03,3889824.9,38.333799,-120.190581
2485,IDAHO,DK,CA,6,2,188,Residental,2014-06-23,5268764.06,37.815953,-119.114307
6972,SACRAMENTO,NF,AL,4,6,590,Condo,2020-11-06,5535227.06,38.958507,-119.23244
5977,ALABAMA,MW,AL,7,1,226,Residental,2010-10-12,6478360.48,38.507244,-120.970503
1545,ALABAMA,TT,MI,6,1,827,Condo,2009-08-27,2636679.65,38.875624,-120.002279
7509,ALABAMA,DO,ID,2,4,1222,Condo,2020-01-23,7283299.8,38.976237,-119.986163
7474,SACRAMENTO,VI,MI,5,4,1442,Condo,2018-03-21,1310783.22,38.123464,-120.373388
5746,ALABAMA,SM,MI,6,5,542,Condo,2016-06-15,8611054.7,38.097336,-119.103311
1131,IDAHO,NE,CA,2,2,1221,Condo,2017-08-15,1199119.09,38.720878,-120.294438
2712,IDAHO,AS,SD,2,6,647,Condo,2018-03-29,4578106.38,38.08242,-119.494486
9226,ALABAMA,KM,AL,5,1,1478,Condo,2019-03-04,1055995.93,38.55241,-119.178408
11145,MICHIGAN,VG,ID,6,1,748,Residental,2016-07-26,3327041.92,37.867772,-119.077267
3779,SACRAMENTO,WF,SD,7,2,471,Residental,2018-05-26,4547260.94,38.844058,-119.352449
3427,MICHIGAN,KZ,MI,4,5,808,Condo,2011-09-26,8197255.69,37.549698,-120.520178
3010,DAKOTA,BF,SD,2,7,334,Residental,2010-07-16,2817012.23,38.579474,-119.697003
3750,SACRAMENTO,CZ,ID,1,1,985,Condo,2011-07-31,7538465.84,37.411627,-120.914033
10095,IDAHO,BG,MI,6,7,406,Residental,2010-07-20,5572584.31,37.011817,-120.721865
1540,ALABAMA,TR,MI,3,1,891,Residental,2014-03-29,8286798.97,38.290534,-120.747505
3793,DAKOTA,AD,SD,3,6,1309,Condo,2011-03-26,7313596.67,37.656818,-120.079736
804,ALABAMA,UA,CA,4,7,1074,Residental,2018-07-15,2799389.58,37.890197,-120.202794
1842,IDAHO,LK,AL,1,4,205,Residental,2014-08-14,2790149.21,37.981666,-119.433595
2285,DAKOTA,TM,SD,2,2,779,Condo,2010-04-02,7924052.85,38.619731,-120.714269
1791,MICHIGAN,MU,AL,3,6,1347,Residental,2014-10-12,791819.31,38.478301,-120.330271
9198,ALABAMA,GS,CA,2,4,651,Residental,2013-02-01,3631879.31,37.241027,-120.505217
5838,ALABAMA,NC,ID,7,1,505,Condo,2017-01-13,839144.78,38.401844,-120.554228
4215,SACRAMENTO,BH,MI,2,4,796,Condo,2020-01-01,1047105.38,38.11465,-120.687519
1825,SACRAMENTO,GR,MI,7,4,1031,Condo,2013-09-13,6264938.03,37.328862,-119.650962
10764,SACRAMENTO,DK,CA,6,3,463,Residental,2011-11-30,4224161.74,38.434096,-120.618206
5320,DAKOTA,TH,SD,8,3,801,Residental,2016-02-22,2529328.77,37.646104,-120.34177
6068,SACRAMENTO,ET,SD,3,5,941,Residental,2018-11-12,7897745.59,38.714362,-119.245986
7392,ALABAMA,DZ,CA,7,2,1009,Residental,2020-12-03,7669405.94,38.004377,-119.14793
8802,DAKOTA,FK,MI,3,5,696,Condo,2010-01-09,8089768.49,38.824066,-119.702986
11012,MICHIGAN,MO,ID,1,1,1474,Residental,2016-04-05,8030116.82,37.433545,-120.278571
7697,DAKOTA,OM,ID,5,7,1005,Residental,2010-02-08,1186606.54,37.677513,-120.741448
360,ALABAMA,PH,SD,3,3,1076,Condo,2009-12-03,1260656.53,37.050471,-120.920615
1495,MICHIGAN,AF,CA,6,3,945,Condo,2015-12-23,3895673.88,37.460532,-120.52232
2330,ALABAMA,MN,AL,2,3,174,Condo,2015-10-10,1540982.8,38.440557,-120.394403
5277,IDAHO,KP,AL,3,2,889,Condo,2010-11-15,1480486.52,37.050673,-119.512667
2629,ALABAMA,AN,AL,5,7,1334,Condo,2013-05-23,4481470.97,37.262614,-119.276456
2093,DAKOTA,ZA,MI,7,6,562,Residental,2014-07-27,6390621.36,37.548534,-119.31765
8183,MICHIGAN,US,SD,4,6,241,Residental,2017-06-08,8367336.24,37.260849,-120.898761
7365,ALABAMA,PG,ID,1,6,176,Residental,2015-12-06,5014533.06,37.137128,-120.09663
8815,ALABAMA,IM,ID,6,7,1415,Condo,2016-09-21,4283913.49,37.062908,-120.376708
2215,MICHIGAN,PH,CA,6,4,121,Residental,2017-02-03,5664634.75,38.977324,-120.312276
2998,DAKOTA,WF,MI,1,1,125,Condo,2011-09-01,4035240.83,37.421369,-120.693311
11376,SACRAMENTO,RU,SD,3,4,1445,Condo,2020-05-23,8122604.57,37.731485,-119.034326
3291,MICHIGAN,VC,ID,7,5,1276,Condo,2010-08-30,7752363.37,37.965946,-119.55191
4896,DAKOTA,NA,AL,7,7,140,Residental,2016-11-21,6108371.48,37.333437,-120.63989
7960,IDAHO,CS,ID,7,6,732,Residental,2012-02-10,8670992.32,38.216908,-119.324719
7534,IDAHO,MV,AL,7,2,1123,Condo,2020-07-09,2504889.5,37.310051,-119.703384
3986,MICHIGAN,GQ,AL,5,4,212,Residental,2019-05-08,7220257.15,37.312007,-119.988016
1237,SACRAMENTO,MD,MI,5,2,627,Residental,2017-06-06,5745504.2,38.477097,-120.826536
8729,DAKOTA,BY,SD,7,6,1180,Condo,2019-12-21,8513691.55,38.740579,-119.695252
810,MICHIGAN,NR,MI,5,2,1187,Residental,2020-07-26,1170861.12,37.213806,-120.432418
2713,MICHIGAN,IQ,MI,6,6,352,Condo,2013-07-30,6690658.43,37.302254,-119.214107
5441,MICHIGAN,SI,ID,1,1,111,Residental,2013-04-26,4052271.51,38.154508,-120.564632
10044,ALABAMA,BD,CA,6,6,558,Condo,2020-02-24,6589812.72,38.781461,-119.803695
10173,DAKOTA,MD,SD,1,1,923,Residental,2011-05-31,3064752.09,37.20512,-120.610945
3094,ALABAMA,BO,AL,7,6,921,Residental,2019-01-10,7338874.32,38.072288,-120.652918
2285,IDAHO,KZ,ID,3,5,967,Residental,2019-02-13,535670.42,38.646514,-120.737443
2789,ALABAMA,IO,AL,4,2,1277,Residental,2020-03-25,5264590.82,38.801018,-119.414495
9313,DAKOTA,GP,SD,8,2,806,Residental,2014-06-13,1719861.18,37.662923,-119.45513
9692,SACRAMENTO,MS,MI,8,7,939,Condo,2016-11-29,6762512.27,37.680345,-119.844298
5849,MICHIGAN,JE,ID,6,2,1187,Condo,2016-02-04,1926838.76,37.201712,-120.661689
7889,DAKOTA,GN,CA,4,2,1242,Residental,2014-04-28,7332282.46,37.982169,-119.981901
5939,SACRAMENTO,KH,CA,1,5,798,Residental,2014-05-07,795422.76,37.509059,-119.413901
10335,ALABAMA,AM,ID,7,6,673,Residental,2011-09-27,7574065.17,37.666289,-119.063831
5256,ALABAMA,EG,SD,1,5,826,Residental,2016-09-07,8239337.27,37.526723,-120.494906
392,DAKOTA,SB,SD,6,2,965,Condo,2016-04-28,7609962.74,37.139824,-120.124142
2072,MICHIGAN,CU,ID,1,2,943,Condo,2010-02-25,1711477.78,38.65599,-120.693519
9704,MICHIGAN,BB,CA,3,5,479,Residental,2015-06-04,7744420.16,38.645027,-120.453572
9064,DAKOTA,BJ,ID,1,4,1057,Condo,2017-11-01,3776750.19,37.536933,-120.103356
10580,DAKOTA,PR,AL,5,1,520,Condo,2011-05-20,4044055.93,38.046312,-120.281336
190,ALABAMA,LS,ID,7,2,112,Residental,2018-11-16,8793356.36,38.114323,-120.318267
6779,DAKOTA,AZ,CA,2,1,1253,Residental,2011-03-28,3911306.55,38.217051,-120.567744
3694,IDAHO,MT,AL,4,2,495,Residental,2010-11-08,3248663.75,37.633012,-119.233913
491,MICHIGAN,HK,ID,5,3,809,Condo,2019-07-15,8549924.75,37.368645,-119.783593
3458,MICHIGAN,DE,CA,2,3,596,Condo,2016-12-05,2229650.75,38.592685,-120.874258
2593,DAKOTA,AT,ID,2,4,1012,Condo,2017-10-24,540172.36,38.984408,-119.844607
6371,ALABAMA,MD,SD,1,6,765,Residental,2019-02-17,3646755.1,37.383085,-120.305742
5672,SACRAMENTO,VG,MI,4,1,1084,Condo,2018-05-24,7952318.25,38.478171,-119.395495
8543,ALABAMA,BZ,SD,5,6,738,Condo,2017-05-06,3322822.86,37.398704,-119.337955
4413,MICHIGAN,CX,AL,1,1,624,Condo,2009-10-30,3484684.1,37.300033,-120.380441
3586,SACRAMENTO,KG,CA,5,7,179,Condo,2014-01-19,2419359.88,38.384753,-120.611419
9635,ALABAMA,AU,ID,3,7,1330,Condo,2014-10-11,4975314.91,38.348497,-119.072691
8175,MICHIGAN,AM,MI,8,3,428,Residental,2009-08-25,6069483.61,37.781846,-119.607438
2626,IDAHO,GH,SD,1,4,704,Residental,2013-03-11,1468836.45,37.621987,-119.808539
175,SACRAMENTO,GS,ID,4,7,715,Condo,2012-03-06,3835145.82,37.213425,-120.502734
10842,DAKOTA,VC,CA,8,6,334,Residental,2013-10-28,5618709.53,38.89995,-119.193035
11148,SACRAMENTO,MT,CA,4,6,1148,Residental,2012-10-04,2342945.56,38.099769,-120.628731
871,MICHIGAN,EH,SD,5,3,111,Condo,2015-03-18,247225.62,37.396282,-119.730491
7403,DAKOTA,PS,AL,1,1,956,Condo,2009-11-24,6288290.88,37.201077,-120.470801
2915,SACRAMENTO,TD,MI,1,5,1056,Residental,2014-01-09,1443263.39,38.271476,-120.408122
10204,DAKOTA,AN,CA,5,3,514,Condo,2019-06-22,2726681.11,37.819025,-119.173656
3987,MICHIGAN,NU,CA,5,4,428,Residental,2016-07-06,6943584.44,37.248419,-120.182109
10193,MICHIGAN,BS,ID,2,2,384,Residental,2014-10-24,3863257.71,37.741127,-120.993624
4970,DAKOTA,PW,CA,5,6,1248,Residental,2020-04-17,6119774.56,38.542451,-119.97669
10396,MICHIGAN,CD,AL,4,6,146,Condo,2013-04-05,3846517.05,38.357819,-120.688748
6268,SACRAMENTO,TC,MI,2,3,545,Condo,2018-05-20,1410153.65,37.090025,-119.639807
3043,SACRAMENTO,CY,AL,8,4,1308,Residental,2015-12-17,1915213.14,38.216428,-120.960946
976,MICHIGAN,NP,CA,8,7,909,Residental,2016-07-14,6849915.11,38.166796,-120.586978
2834,IDAHO,AL,ID,5,4,1092,Condo,2009-07-31,7713158.38,37.221134,-120.97444
11264,IDAHO,FO,SD,2,3,675,Residental,2012-07-31,8643155.24,37.396666,-120.7505
9093,ALABAMA,AQ,SD,7,7,1081,Condo,2018-01-28,4264232.75,38.650942,-119.280785
3075,IDAHO,AD,ID,6,7,700,Residental,2011-05-04,5693412.39,38.4454,-120.494739
5486,SACRAMENTO,ZA,SD,4,6,253,Condo,2020-11-04,7573843.15,38.449993,-120.454722
9627,IDAHO,BG,CA,4,2,334,Condo,2014-06-04,2434819.62,37.76488,-119.056383
10897,MICHIGAN,CI,AL,5,6,776,Condo,2020-07-08,2296414.82,38.072645,-119.244142
5351,IDAHO,ER,MI,6,3,515,Residental,2011-05-02,6218652.39,37.429741,-120.233282
9850,MICHIGAN,MX,ID,1,4,1278,Condo,2015-11-04,1041848.27,38.064625,-120.810769
398,ALABAMA,JE,ID,7,2,736,Residental,2011-10-04,8693092.67,37.661332,-120.642502
512,ALABAMA,RU,MI,2,7,1138,Condo,2013-08-12,4817387.83,38.566961,-120.180181
4357,SACRAMENTO,CK,SD,7,4,115,Condo,2009-11-01,4541790.04,38.036908,-119.877014
10494,ALABAMA,EH,MI,7,3,565,Residental,2020-11-17,1238944.19,38.630188,-120.737123
9771,IDAHO,BE,CA,8,5,552,Condo,2020-01-26,5367575.12,38.871641,-119.466571
9208,ALABAMA,CO,SD,5,3,602,Condo,2019-12-08,1158277.45,38.008152,-120.684815
7717,DAKOTA,MP,CA,5,1,532,Condo,2010-09-20,7158551.67,37.825955,-119.587315
3695,DAKOTA,SJ,CA,6,5,456,Residental,2013-10-19,6879807.54,37.209512,-120.094884
5867,SACRAMENTO,GN,CA,2,7,535,Condo,2011-05-06,2043924.69,37.08161,-120.21645
6400,SACRAMENTO,LB,ID,7,1,1164,Residental,2012-02-17,4608419.87,37.99574,-120.341132
6425,SACRAMENTO,HN,MI,4,5,616,Condo,2017-05-03,4649773.46,37.895503,-119.300618
3389,ALABAMA,IM,MI,6,6,382,Residental,2015-09-01,593794.33,38.111793,-120.832684
1836,SACRAMENTO,GL,ID,7,6,708,Residental,2020-01-18,6622054.21,38.228989,-119.929305
2302,IDAHO,PF,CA,7,6,256,Residental,2019-07-16,4259405.81,38.850626,-119.402604
6659,MICHIGAN,PY,ID,8,4,766,Condo,2017-03-01,2690210.69,38.142992,-120.8808
5513,ALABAMA,SI,ID,8,5,1440,Condo,2010-11-07,3684977.67,38.599553,-119.143112
9913,IDAHO,BJ,MI,8,2,1163,Residental,2009-10-08,1059401.51,37.678845,-119.052814
3687,MICHIGAN,PE,ID,6,4,104,Residental,2013-12-21,8827277.75,38.01103,-120.883726
7815,IDAHO,AQ,SD,1,2,313,Residental,2012-11-09,6786802.05,38.207293,-119.209376
5991,IDAHO,SC,ID,1,7,211,Residental,2009-08-05,2871236.17,37.555692,-120.790699
897,ALABAMA,UG,CA,4,7,534,Residental,2011-03-20,8677644.76,38.547098,-120.401317
7158,IDAHO,UA,ID,1,7,763,Condo,2016-12-06,6793710.21,37.569792,-119.877882
1953,DAKOTA,FM,ID,4,2,970,Condo,2019-04-04,4037588.82,38.046716,-119.002137
4544,IDAHO,KI,ID,2,3,1125,Residental,2013-03-17,6490266.5,38.480409,-119.845868
528,IDAHO,DK,ID,2,3,329,Residental,2015-07-23,404890.34,37.498026,-119.701194
6733,ALABAMA,TL,AL,1,1,1437,Residental,2017-04-15,2952209.37,37.804483,-120.68095
8885,IDAHO,TT,MI,2,5,832,Condo,2010-09-16,2240994.08,38.057451,-119.761898
9282,MICHIGAN,UM,ID,7,7,739,Condo,2015-05-14,8931601.6,37.756052,-120.050649
11443,IDAHO,YT,CA,6,6,395,Residental,2011-03-31,893065.15,38.320835,-119.465012
8610,IDAHO,MU,SD,3,4,348,Residental,2014-10-05,5862867.78,37.449482,-120.816107
383,ALABAMA,KW,ID,4,4,273,Residental,2013-07-20,2470544.15,37.966612,-119.154194
10357,MICHIGAN,CS,SD,6,4,111,Condo,2017-05-20,54280.95,38.836916,-119.593228
290,MICHIGAN,CM,CA,1,5,1253,Condo,2010-08-25,5441537.87,37.826995,-120.704398
4838,DAKOTA,CI,ID,4,7,1052,Residental,2015-06-26,830381.78,37.758634,-119.533424
10050,SACRAMENTO,GI,AL,1,7,423,Residental,2018-02-26,5163486.1,37.552859,-119.827311
8375,SACRAMENTO,ZA,MI,7,5,318,Residental,2015-08-30,2998186.01,37.44546,-120.58542
710,ALABAMA,MU,AL,6,7,452,Residental,2011-08-01,2876796.49,37.613644,-119.807245
3718,DAKOTA,CM,CA,8,2,706,Residental,2014-05-20,5985449.77,37.429885,-120.787504
7143,DAKOTA,AF,AL,4,2,302,Residental,2014-05-23,8509436.92,37.739803,-120.948934
3978,SACRAMENTO,TH,MI,4,3,1004,Residental,2016-01-03,7298048.31,37.340416,-119.490315
9523,SACRAMENTO,MH,SD,1,2,501,Residental,2020-05-02,4029369.52,38.826344,-120.812086
7213,ALABAMA,HR,MI,1,6,1034,Condo,2018-07-24,8902093.5,38.368137,-120.418939
1614,SACRAMENTO,ST,SD,3,7,1211,Residental,2014-03-08,7641650.54,37.981868,-120.870041
9842,SACRAMENTO,DM,AL,8,6,1164,Condo,2011-02-02,5027377.51,37.29616,-120.848481
162,SACRAMENTO,SN,MI,7,2,1406,Condo,2011-10-31,3284908.9,38.976422,-120.34375
1481,SACRAMENTO,MU,AL,6,6,1178,Residental,2018-04-01,2381592.91,38.102102,-119.937557
555,ALABAMA,SB,MI,6,2,709,Residental,2017-11-22,5734805.09,37.035999,-120.215432
4504,SACRAMENTO,NU,MI,2,7,944,Condo,2019-07-08,7592926.32,38.493459,-119.049347
5970,MICHIGAN,CF,CA,3,1,1498,Residental,2017-08-06,4478163.57,37.929398,-120.41127
2648,IDAHO,PW,ID,2,5,876,Condo,2015-05-21,8643549.19,38.061904,-119.931424
1337,MICHIGAN,AW,SD,3,6,378,Residental,2016-05-20,5017987.63,38.55773,-120.009715
8657,SACRAMENTO,KM,MI,5,6,339,Residental,2013-03-10,4007815.97,37.82827,-119.663103
9031,SACRAMENTO,TZ,MI,4,5,851,Residental,2017-03-09,2174432.94,38.828449,-120.730992
9442,MICHIGAN,HT,SD,6,6,332,Residental,2013-05-17,246760.02,38.581471,-119.8842
2717,DAKOTA,KW,CA,1,7,939,Residental,2017-07-08,3878767.03,38.018665,-119.770199
7975,ALABAMA,BG,SD,4,3,649,Residental,2011-07-29,4379014.57,38.26219,-119.790535
1065,IDAHO,KZ,MI,8,1,467,Condo,2012-09-05,1959089.44,38.440959,-119.504946
4794,IDAHO,BO,ID,1,4,396,Condo,2020-01-14,98010.69,37.590712,-120.184115
626,DAKOTA,VE,AL,6,6,656,Residental,2019-10-16,8468688.38,37.515207,-120.97449
9628,ALABAMA,BD,CA,2,1,231,Condo,2017-06-19,7446815.22,38.695867,-120.366472
10429,SACRAMENTO,LK,SD,8,3,434,Condo,2014-11-30,3213765.54,37.422622,-120.925048
6861,DAKOTA,CO,SD,5,2,373,Residental,2010-12-30,8791100.52,38.413879,-120.755061
10568,ALABAMA,CX,SD,8,1,681,Residental,2017-07-16,5110291.24,38.235859,-119.558185
53,SACRAMENTO,GE,SD,6,6,1400,Residental,2012-03-28,7620800.97,37.93754,-119.941849
5407,ALABAMA,MT,MI,8,3,529,Condo,2012-10-03,7099795.95,37.847791,-120.83483
3290,MICHIGAN,MK,ID,6,1,152,Residental,2015-08-29,8391912.67,37.628707,-119.401518
4605,MICHIGAN,LA,SD,3,2,1139,Residental,2013-11-24,6013152.18,37.50984,-120.074911
8709,SACRAMENTO,BA,SD,5,3,620,Condo,2018-06-10,7778809.1,38.987365,-120.28127
2514,ALABAMA,LK,AL,7,5,965,Residental,2020-06-19,2758030,37.752328,-120.478975
5492,SACRAMENTO,TV,ID,7,7,477,Condo,2012-11-19,6439638.46,37.417535,-120.904212
6777,IDAHO,CN,MI,6,5,355,Residental,2014-02-25,3518234.89,37.033166,-119.084786
2799,DAKOTA,IQ,MI,4,2,322,Condo,2017-09-07,4202782.63,37.030251,-119.399286
27,DAKOTA,BY,CA,6,3,232,Residental,2012-01-16,4207638.04,37.284772,-119.430948
6211,ALABAMA,AZ,SD,3,2,499,Condo,2017-06-03,4581092.56,37.764421,-120.527784
4177,IDAHO,NO,SD,3,5,1097,Residental,2011-09-07,7188182.7,38.223616,-120.936772
1180,DAKOTA,MG,SD,3,5,1437,Residental,2013-10-13,8845919.75,38.05377,-119.310205
10720,DAKOTA,AZ,CA,1,7,1332,Condo,2020-01-20,5826104.7,38.221304,-120.923982
4832,ALABAMA,PR,SD,8,2,970,Residental,2017-06-12,4663513.98,37.133525,-120.892938
10007,ALABAMA,LK,AL,8,2,825,Residental,2016-09-15,8793920.93,38.575197,-119.180408
4748,SACRAMENTO,ES,MI,3,6,1005,Residental,2017-12-15,8946694.73,38.535128,-120.440343
4272,IDAHO,PG,ID,5,3,1437,Condo,2019-01-19,4584536.85,38.545611,-119.636014
3305,MICHIGAN,MA,ID,1,7,343,Condo,2020-11-25,7385760.91,38.652069,-120.673779
11177,MICHIGAN,PA,SD,3,5,1323,Condo,2020-06-03,2101322.66,37.405117,-119.65364
645,IDAHO,PR,AL,8,2,511,Residental,2016-07-18,7273141.99,38.550194,-119.962807
1653,SACRAMENTO,SM,ID,3,4,638,Residental,2012-07-16,4528815.41,37.241539,-119.733903
2168,SACRAMENTO,TO,ID,6,5,905,Condo,2011-05-16,518345.77,37.614814,-119.101045
5374,DAKOTA,BD,AL,3,7,139,Condo,2020-03-06,6282670.05,37.106137,-120.550952
7478,SACRAMENTO,CX,CA,4,7,251,Condo,2020-03-12,1810576.14,37.716127,-120.873421
5201,DAKOTA,BB,ID,8,1,210,Residental,2018-03-09,3817235.17,38.258909,-120.148758
5019,SACRAMENTO,SR,SD,2,7,809,Condo,2012-10-26,5808533.14,37.343173,-119.619147
4315,IDAHO,CN,AL,8,5,758,Residental,2014-05-15,4522103.19,37.914025,-119.74121
8407,IDAHO,NE,ID,2,5,1004,Residental,2010-05-02,285837.28,37.323583,-119.533172
5111,IDAHO,GT,MI,2,5,1236,Condo,2013-05-08,7958036.39,37.011303,-120.947626
11126,ALABAMA,PW,ID,6,1,1385,Condo,2017-11-18,8559917.26,38.984788,-119.898455
5827,IDAHO,HR,SD,1,5,441,Residental,2017-07-12,6668999.94,38.554194,-120.044189
3466,MICHIGAN,NU,ID,4,1,222,Residental,2018-06-25,4832514.52,38.873811,-119.605461
6143,IDAHO,GN,MI,8,1,343,Residental,2010-08-03,582951.69,37.101442,-119.282036
2787,IDAHO,RW,SD,8,4,1380,Residental,2014-12-08,1332634.97,38.063256,-119.913981
5078,IDAHO,MW,CA,1,2,830,Condo,2013-11-18,6071254.23,37.569358,-119.465958
6129,SACRAMENTO,MS,MI,5,2,1028,Condo,2020-04-18,4003949.64,37.820116,-119.626666
6815,DAKOTA,PT,SD,8,2,941,Residental,2016-11-26,4361515.32,37.329889,-120.667264
5001,ALABAMA,PE,AL,7,5,712,Residental,2017-11-21,2433431.46,37.791359,-119.555393
10477,DAKOTA,BE,MI,1,4,1500,Residental,2017-10-29,1301212.8,37.934597,-120.13542
1165,SACRAMENTO,KZ,MI,5,7,1110,Condo,2016-05-11,6793294.26,37.281352,-120.294905
4993,ALABAMA,AR,CA,7,2,1290,Condo,2018-10-26,3914862.43,37.635796,-120.888371
343,DAKOTA,NF,AL,1,1,279,Condo,2015-06-08,6264305.83,37.705073,-120.84381
10095,SACRAMENTO,TL,MI,3,1,793,Residental,2019-02-11,3131070.39,37.059898,-119.634673
4326,ALABAMA,MG,ID,4,1,738,Residental,2012-02-16,8958474.99,38.818965,-119.674018
10795,IDAHO,BD,SD,6,1,613,Condo,2019-07-17,6736448.47,37.322913,-119.293004
7852,SACRAMENTO,VA,ID,1,5,818,Condo,2010-04-15,4519462.76,38.831669,-119.691697
1051,SACRAMENTO,GE,AL,3,1,1383,Residental,2015-12-18,8456668.44,37.747822,-120.584365
9399,DAKOTA,NA,CA,6,7,110,Residental,2015-05-12,8860921.49,38.154467,-120.331062
10490,IDAHO,GY,AL,4,4,145,Condo,2019-10-06,6831476.03,38.016332,-119.863935
10569,DAKOTA,GM,CA,1,7,863,Residental,2009-08-23,6918810.19,37.407259,-119.688854
10285,ALABAMA,WF,ID,3,7,1457,Condo,2014-03-28,8956274.24,37.926343,-119.155637
1247,SACRAMENTO,IO,SD,2,4,1393,Residental,2015-07-24,714430.96,37.457395,-119.908332
10070,DAKOTA,CR,CA,6,5,991,Condo,2018-06-03,8134987.45,38.134205,-120.937307
2993,MICHIGAN,AE,SD,3,5,826,Condo,2011-03-06,8799384.39,38.66653,-119.049069
6504,IDAHO,DE,CA,3,2,778,Condo,2019-09-17,2554245.05,38.008242,-119.246343
8295,IDAHO,BO,AL,4,3,1145,Condo,2012-04-11,6290015.06,37.572346,-120.444779
3643,ALABAMA,HK,SD,7,1,1434,Residental,2016-01-05,3357413.84,37.837372,-119.276315
4910,SACRAMENTO,CN,MI,8,4,1091,Residental,2016-07-05,1978778.17,38.625295,-119.724137
11056,DAKOTA,MH,AL,2,2,1175,Residental,2020-01-28,5181511.48,37.614026,-120.392299
5665,SACRAMENTO,US,ID,2,3,1203,Condo,2019-08-29,2100340.79,37.520284,-119.957954
4391,DAKOTA,ER,CA,6,7,124,Condo,2009-09-08,4007991.44,38.306885,-119.614103
5420,SACRAMENTO,UA,ID,3,5,1049,Residental,2010-06-25,6774934.39,38.906123,-119.307702
10822,SACRAMENTO,SH,ID,1,7,1474,Condo,2019-01-07,6598342.67,37.045565,-119.876377
4941,MICHIGAN,TD,AL,5,1,334,Condo,2013-01-23,4100791.57,37.580905,-120.090619
675,IDAHO,MP,SD,7,4,434,Condo,2013-02-04,4086575.66,38.559714,-120.104788
2161,ALABAMA,EH,AL,1,4,987,Residental,2016-06-09,4309073.03,37.776783,-120.96329
5783,IDAHO,NA,CA,2,5,1074,Condo,2015-07-30,1231660.31,37.175476,-119.632337
2997,SACRAMENTO,KR,MI,6,6,1084,Condo,2017-01-08,4450131.85,38.380745,-119.630172
10837,DAKOTA,CV,SD,1,7,528,Condo,2014-05-23,6037344.06,37.039722,-120.186499
7381,ALABAMA,ER,CA,8,7,1079,Residental,2011-08-07,139317.57,37.719043,-120.960689
9898,IDAHO,MP,AL,1,5,1211,Residental,2017-11-02,6805636.9,37.495313,-119.777412
6857,ALABAMA,CD,ID,8,2,202,Residental,2018-11-14,1674107.81,37.017232,-119.660964
3194,IDAHO,FR,CA,4,3,164,Residental,2016-12-18,6963968.29,38.650219,-119.267661
5759,SACRAMENTO,SL,CA,4,6,573,Residental,2014-09-02,6004088.99,37.029044,-119.192297
8557,MICHIGAN,IL,SD,1,3,368,Condo,2019-03-28,7608421.17,37.31477,-119.586296
8186,SACRAMENTO,BN,CA,2,7,762,Condo,2019-11-19,6000390.93,38.176912,-119.490283
1317,ALABAMA,KN,CA,7,6,387,Condo,2014-01-14,5498718.64,38.063361,-120.245645
551,ALABAMA,BF,MI,5,6,223,Residental,2015-01-06,6841986.2,37.28978,-119.671684
1360,ALABAMA,MG,SD,3,6,217,Condo,2019-01-11,3627120.69,38.158105,-119.880931
7260,SACRAMENTO,AQ,ID,5,3,822,Residental,2011-08-28,3902071.32,38.126682,-119.140161
5153,DAKOTA,SC,SD,5,7,1451,Residental,2015-03-19,6484233.24,38.804071,-120.329316
5347,IDAHO,VU,CA,4,1,346,Condo,2016-10-15,3825382.95,37.153762,-119.720488
4791,ALABAMA,BO,AL,7,3,644,Condo,2011-03-04,2370673.96,38.757774,-119.432198
5918,SACRAMENTO,CM,SD,6,7,951,Condo,2017-04-21,5123654.57,38.871796,-120.235473
11330,IDAHO,PM,SD,6,4,568,Residental,2020-11-02,8380218.31,38.188948,-120.230666
3295,SACRAMENTO,MX,SD,8,6,1329,Residental,2015-04-20,3201516.99,37.068075,-120.340435
6120,SACRAMENTO,AT,CA,2,2,970,Residental,2020-01-02,6643247.91,38.669545,-120.767096
10026,ALABAMA,BG,CA,2,7,769,Condo,2013-05-26,4087502.21,37.573172,-119.395876
2484,DAKOTA,SD,MI,3,1,1198,Condo,2019-04-02,6429687.49,37.680922,-119.863654
6224,DAKOTA,AW,MI,6,3,230,Residental,2010-11-28,2419753.14,37.415197,-119.498241
226,IDAHO,DE,SD,7,4,1237,Residental,2015-07-18,7904511.22,38.269248,-119.116805
7312,SACRAMENTO,LA,MI,6,3,850,Condo,2011-09-10,6901743.04,37.16559,-120.054726
2139,IDAHO,IE,CA,6,4,1025,Residental,2016-07-18,7970124.88,37.686212,-120.154128
430,MICHIGAN,MC,MI,3,3,1176,Residental,2018-06-04,7768791.88,38.396455,-119.734908
11491,MICHIGAN,MM,CA,8,5,1041,Condo,2019-12-17,2257182.86,38.357988,-119.552579
7244,DAKOTA,TV,MI,7,1,1375,Condo,2011-10-10,8121834.76,37.450678,-119.133868
9150,ALABAMA,EG,CA,4,4,169,Condo,2012-06-22,2777633.76,37.058906,-120.376103
4830,MICHIGAN,GQ,CA,5,1,1035,Residental,2010-06-27,3013799,38.967795,-119.930826
5889,IDAHO,SE,ID,6,5,358,Condo,2020-11-20,6043457.15,37.28921,-119.68183
10530,ALABAMA,AO,MI,6,2,1212,Condo,2009-10-01,5134119.2,38.654382,-120.875484
6245,DAKOTA,JE,CA,3,5,245,Condo,2011-08-07,6837506.97,37.765901,-119.950816
7503,IDAHO,NE,CA,6,1,136,Condo,2013-02-19,762478.36,38.44173,-120.660257
6639,IDAHO,AL,AL,8,3,163,Condo,2014-06-29,2872697.66,38.145914,-119.373015
7862,DAKOTA,UA,AL,7,5,799,Condo,2018-03-29,6120014.21,38.763392,-120.357294
7786,SACRAMENTO,IN,SD,5,4,109,Condo,2017-02-02,3145464.75,38.725809,-119.375036
10078,MICHIGAN,HM,MI,6,7,912,Residental,2012-09-11,6205747.72,38.825945,-120.026119
9568,IDAHO,AF,ID,7,3,989,Residental,2017-07-24,3837810.05,38.731598,-119.541606
4405,MICHIGAN,AL,SD,4,1,1168,Condo,2013-11-18,2257364.72,38.620971,-120.939627
8544,SACRAMENTO,TC,ID,4,4,209,Residental,2012-04-30,3457611.37,38.673063,-119.376424
2811,SACRAMENTO,MX,SD,6,3,786,Residental,2019-01-08,5719284.95,37.247852,-119.632109
2306,IDAHO,ST,AL,8,7,337,Residental,2013-01-31,6800662.35,37.63262,-120.210582
6338,ALABAMA,GM,ID,8,7,1089,Condo,2013-02-20,6008604.33,37.171962,-119.884222
2834,SACRAMENTO,QA,CA,7,4,1351,Residental,2009-12-06,506953.89,37.8879,-120.271054
4895,SACRAMENTO,NI,MI,4,7,148,Residental,2014-10-13,8711703.37,37.734285,-120.134102
11059,DAKOTA,MQ,SD,7,7,170,Residental,2011-05-15,2676424.02,38.336749,-119.240694
5119,DAKOTA,LK,AL,4,7,420,Residental,2020-12-22,7026207.13,38.606813,-119.091235
7848,IDAHO,VC,ID,3,1,202,Condo,2015-12-10,2256437.15,37.021437,-119.9418
1950,MICHIGAN,SL,CA,7,1,649,Residental,2020-05-12,6293482.82,38.72774,-120.948312
3035,DAKOTA,GM,MI,8,6,902,Residental,2012-05-25,8421782.95,38.988569,-120.504089
8172,DAKOTA,MR,AL,3,1,134,Residental,2010-08-03,8277805.55,37.519479,-120.369607
9887,MICHIGAN,DE,MI,3,4,1069,Condo,2020-03-28,389523.04,37.569017,-120.402236
4706,DAKOTA,EC,CA,4,5,472,Residental,2009-09-23,3684839.23,37.567663,-119.149293
11360,MICHIGAN,LI,MI,1,2,1111,Condo,2009-09-30,8796732.12,38.824434,-119.652064
8156,SACRAMENTO,BM,ID,1,5,269,Residental,2015-08-16,1649779.89,37.022809,-119.025264
7906,ALABAMA,AF,AL,2,5,387,Residental,2018-06-02,5883258.92,37.693698,-120.6973
8413,IDAHO,UZ,AL,5,1,1062,Condo,2010-08-07,971141.84,38.209867,-120.440124
4883,SACRAMENTO,AD,MI,7,6,1086,Condo,2016-03-21,5853379.42,37.303418,-119.971643
929,ALABAMA,RE,SD,4,7,1160,Residental,2009-11-07,5418751.12,38.19245,-120.233281
5585,DAKOTA,AQ,MI,3,6,263,Condo,2012-01-04,6394928.01,37.442686,-120.406334
11470,MICHIGAN,KE,SD,8,3,390,Condo,2020-03-23,6979200.88,37.174703,-120.838688
5592,SACRAMENTO,GE,AL,2,3,358,Residental,2014-04-07,7652393.68,37.177712,-120.849848
5929,IDAHO,MA,CA,8,2,324,Condo,2013-11-06,1895056.81,38.978439,-120.391419
3493,SACRAMENTO,UZ,CA,5,4,414,Condo,2012-01-16,1243844.14,37.07248,-120.616296
10620,ALABAMA,SM,MI,2,3,203,Condo,2011-02-23,8088096.5,37.748166,-119.128864
10578,DAKOTA,TM,ID,4,3,1205,Condo,2020-10-28,3850116.56,38.411744,-120.055942
6978,SACRAMENTO,CC,ID,7,5,231,Residental,2010-08-02,6800284.5,38.119932,-119.73743
2295,ALABAMA,LS,SD,2,5,719,Condo,2020-07-01,4890209.34,37.533227,-119.426647
9187,DAKOTA,BA,CA,8,2,524,Residental,2018-04-18,2599983.52,38.024872,-119.816093
4915,IDAHO,AR,AL,5,7,612,Residental,2017-05-26,4936233.62,37.887891,-119.309981
5386,MICHIGAN,SH,MI,8,6,1179,Residental,2009-08-23,2579957.03,38.722908,-120.505683
2509,ALABAMA,UG,CA,7,7,1034,Condo,2016-07-20,6975364.69,37.957558,-120.016095
451,IDAHO,EC,AL,8,3,610,Condo,2011-12-26,4916560.69,37.717812,-119.833858
4340,IDAHO,LS,MI,4,3,470,Condo,2011-06-07,8641334.76,38.839711,-120.329405
362,MICHIGAN,TM,CA,2,5,1126,Condo,2018-11-14,7536046.5,37.613963,-119.24166
2009,IDAHO,AE,AL,6,5,213,Condo,2010-09-22,2164200.75,37.800686,-119.685663
1817,DAKOTA,NG,AL,8,1,1136,Residental,2014-07-26,5500809.53,38.703064,-119.16371
3758,SACRAMENTO,MK,ID,1,5,1474,Condo,2014-02-27,1784777.59,38.403348,-119.825448
6823,ALABAMA,LV,ID,7,1,728,Residental,2013-06-11,55552.63,37.54874,-119.75369
1368,IDAHO,TW,SD,2,3,1007,Condo,2016-03-19,6110752.29,38.379289,-119.32784
10628,IDAHO,SG,CA,5,2,977,Residental,2015-08-22,2359082.26,37.637553,-119.960107
2677,ALABAMA,ES,AL,4,2,1074,Residental,2012-03-22,4543923.13,37.606016,-119.450869
10690,SACRAMENTO,SV,MI,1,3,1211,Residental,2016-05-07,6686067.69,38.169453,-119.326743
8262,SACRAMENTO,GF,SD,8,2,912,Residental,2020-02-04,3191782.74,37.330654,-120.775754
895,IDAHO,MH,ID,2,3,1114,Residental,2014-11-17,4893971.36,38.511037,-120.419408
11142,MICHIGAN,NG,CA,5,6,604,Residental,2020-10-06,5883009.24,38.247456,-119.005701
9835,ALABAMA,AM,MI,4,6,1365,Residental,2020-07-11,5347628.23,38.592414,-120.822979
5484,SACRAMENTO,BB,ID,3,3,1364,Condo,2019-04-02,5582563.3,37.09464,-119.582015
2343,ALABAMA,CO,SD,2,3,1249,Residental,2020-07-09,7701191.95,38.389451,-119.364812
1469,MICHIGAN,MN,CA,7,2,1384,Condo,2010-11-20,7232648.4,37.604986,-120.929716
10080,MICHIGAN,LU,CA,2,6,1120,Residental,2014-07-24,2734083.71,37.643962,-119.1236
11158,ALABAMA,KE,CA,1,3,142,Condo,2015-03-18,654288.94,37.555476,-120.821712
8969,DAKOTA,MZ,ID,3,7,211,Residental,2011-12-13,8812927.5,38.912427,-119.41218
7714,DAKOTA,LU,ID,3,5,360,Residental,2019-05-25,3625788.82,38.432829,-120.531541
3657,MICHIGAN,JE,AL,7,3,678,Condo,2020-04-09,7911022.96,38.432159,-119.836426
8791,DAKOTA,ST,CA,1,5,1436,Residental,2014-01-09,7633087.64,38.829249,-119.774871
9988,SACRAMENTO,VG,ID,3,5,510,Condo,2012-03-02,3998448.22,37.221556,-119.646129
4458,DAKOTA,UM,MI,6,5,442,Residental,2012-12-23,625341.79,38.354939,-119.592172
46,IDAHO,CV,SD,8,3,330,Residental,2016-11-21,1692234.56,38.213586,-119.142303
3685,IDAHO,SN,AL,3,1,1219,Residental,2010-05-23,7351085.56,38.029109,-119.089508
564,MICHIGAN,GN,MI,7,7,1083,Residental,2018-04-04,8183144.8,38.704914,-119.69983
584,ALABAMA,BB,CA,4,1,828,Condo,2011-02-16,7754261.56,38.387549,-120.38281
3113,MICHIGAN,GF,SD,5,3,418,Residental,2014-02-08,2130081.33,37.709653,-120.490416
3377,MICHIGAN,GT,SD,1,5,227,Residental,2009-12-04,480087.53,37.347961,-120.821357
7595,DAKOTA,MW,ID,1,3,1342,Residental,2020-01-28,390110.18,38.03504,-119.836704
10747,IDAHO,MH,MI,3,5,507,Condo,2017-01-19,290174.28,37.250536,-119.73436
8184,ALABAMA,EE,CA,3,2,322,Condo,2019-11-13,457408.06,37.900856,-120.139785
9039,DAKOTA,PW,SD,1,2,448,Condo,2017-12-26,3514335.26,37.652801,-120.698113
7598,IDAHO,BT,SD,6,5,627,Condo,2018-01-15,6757967.05,37.808702,-120.180728
1109,DAKOTA,MX,ID,1,5,485,Condo,2019-10-05,8709901.26,38.942254,-119.775862
3332,DAKOTA,CV,ID,7,3,1217,Condo,2016-12-25,2554979.59,37.520681,-119.017521
4539,MICHIGAN,RO,SD,2,6,474,Residental,2015-02-27,2752082.55,37.231102,-119.049946
2413,DAKOTA,GH,ID,3,4,475,Residental,2013-10-11,7349747.76,38.474816,-119.156114
6710,DAKOTA,AR,ID,4,5,967,Condo,2016-09-22,433217.76,37.615724,-119.567664
8933,MICHIGAN,KM,MI,3,5,175,Condo,2015-12-31,4836781.65,38.91437,-120.992765
1909,IDAHO,KW,MI,3,4,429,Residental,2012-03-19,6350876.26,37.428723,-119.088421
6546,ALABAMA,BZ,MI,2,2,770,Residental,2015-08-02,2004081.68,37.063265,-120.854725
5120,SACRAMENTO,ER,MI,4,1,372,Residental,2012-07-10,389922.26,38.18032,-119.429333
8340,DAKOTA,BG,MI,2,6,803,Residental,2012-07-18,3590877.54,37.213267,-120.345376
8098,ALABAMA,AR,ID,8,5,1282,Residental,2020-01-15,109673.86,38.811452,-120.414275
415,ALABAMA,SV,CA,2,7,1138,Condo,2015-11-06,8738887.07,38.767889,-120.921723
9393,SACRAMENTO,AN,MI,3,5,1082,Condo,2017-08-15,2643869.06,38.666756,-120.340458
4526,MICHIGAN,SD,AL,8,4,954,Condo,2020-06-30,8873262.13,37.287304,-119.490409
8959,MICHIGAN,FK,SD,7,3,1294,Residental,2011-07-01,3912330.81,38.596527,-120.834045
5110,SACRAMENTO,AI,MI,7,5,717,Residental,2011-04-08,2374398.18,37.347789,-119.619647
6354,DAKOTA,VG,SD,2,1,695,Residental,2018-07-08,7734524.83,38.292725,-120.489704
3910,DAKOTA,PM,ID,2,4,381,Condo,2016-11-08,7334101.81,37.094917,-120.119596
6058,ALABAMA,NU,CA,5,2,1253,Condo,2017-10-14,4088975.74,37.627327,-120.381864
5050,SACRAMENTO,AF,MI,7,5,731,Condo,2015-05-23,910843.26,37.166613,-120.377567
2240,ALABAMA,DZ,ID,8,5,134,Residental,2020-02-20,4355956.11,38.288343,-120.470187
7520,IDAHO,GR,ID,2,1,1486,Residental,2016-03-28,5097795.8,37.960504,-120.284839
245,DAKOTA,DO,SD,4,6,997,Residental,2010-08-18,4190309.25,37.973554,-120.810605
8448,MICHIGAN,MC,AL,6,4,378,Condo,2010-03-01,3731586.11,37.0116,-120.765488
5143,MICHIGAN,FM,MI,5,1,283,Condo,2016-05-31,2896445.87,38.653005,-119.790363
7784,SACRAMENTO,SO,CA,7,3,538,Residental,2014-05-04,4703059.31,37.341799,-120.078269
9098,DAKOTA,GY,ID,4,1,120,Condo,2019-01-27,7893288.51,37.27759,-119.575253
10405,MICHIGAN,IR,ID,5,4,1456,Condo,2020-03-31,8638743.5,37.712206,-119.828757
3022,MICHIGAN,YE,MI,5,7,405,Condo,2011-10-05,2048640.49,37.834007,-119.532108
6029,DAKOTA,OM,MI,4,7,1267,Condo,2020-11-11,2475474.41,37.301096,-120.004256
8917,IDAHO,SK,SD,2,6,207,Residental,2018-01-06,1676981.99,38.480603,-119.531147
7463,ALABAMA,IM,CA,7,1,1434,Residental,2020-11-07,7873767.95,38.448763,-119.257167
5479,MICHIGAN,TG,MI,1,3,818,Condo,2018-08-27,4777111.01,37.813114,-119.098089
6976,SACRAMENTO,AE,ID,7,6,958,Residental,2016-03-19,3779511.48,38.112922,-119.578336
3457,ALABAMA,SG,MI,8,6,727,Condo,2018-07-10,6168383.26,38.926282,-120.392354
10130,SACRAMENTO,SY,ID,5,7,1182,Condo,2016-12-24,3276744.33,37.797546,-119.000478
11260,IDAHO,PK,AL,8,1,454,Residental,2016-11-11,1667920.72,37.312641,-120.800248
505,DAKOTA,MM,CA,1,3,508,Condo,2012-05-04,2718830.65,38.242058,-119.678781
2055,IDAHO,GT,ID,7,6,623,Condo,2013-02-02,4340199.3,37.348023,-120.149034
2025,SACRAMENTO,PF,AL,1,4,965,Condo,2010-07-10,2528330.1,38.049801,-120.405274
9319,ALABAMA,GW,MI,3,1,457,Condo,2013-09-03,5020307.16,37.418022,-119.359359
6996,ALABAMA,YE,MI,1,7,844,Residental,2013-08-15,7615263.69,37.022349,-119.250878
5748,SACRAMENTO,CS,MI,8,6,1095,Residental,2015-05-09,7966914.57,37.963049,-120.813716
4753,DAKOTA,KZ,MI,5,4,505,Condo,2016-02-13,7279163.52,38.00452,-120.377201
10590,DAKOTA,PA,AL,6,4,507,Residental,2013-10-08,8053154.11,37.725013,-120.86884
6203,MICHIGAN,VE,CA,5,6,574,Residental,2015-12-21,1370648.15,37.587919,-119.542378
6685,MICHIGAN,BE,AL,4,6,1212,Condo,2016-04-01,2383986.71,37.114572,-119.555449
4284,IDAHO,IM,SD,4,4,332,Condo,2017-10-02,6207785.78,37.633855,-119.769799
11032,SACRAMENTO,AF,MI,5,4,141,Condo,2016-02-05,6547013.02,37.920853,-119.324042
5083,SACRAMENTO,BA,ID,6,2,1496,Condo,2009-07-30,6733773.27,37.523655,-119.711976
8838,SACRAMENTO,LS,ID,7,6,443,Residental,2014-08-07,1420092.87,37.793679,-120.563965
6166,IDAHO,AL,CA,7,7,467,Condo,2017-05-25,1784672.36,37.907451,-119.355958
5532,IDAHO,GH,MI,4,5,991,Residental,2017-08-08,7720931.05,38.115767,-119.341468
7614,MICHIGAN,NG,MI,5,2,254,Residental,2017-02-03,2920380.69,37.924805,-119.59082
3713,IDAHO,SH,MI,3,6,1083,Residental,2010-01-24,3229544.56,38.173733,-119.402018
8596,IDAHO,MM,SD,4,6,1190,Residental,2019-04-10,6110521.52,37.173976,-119.444688
8144,MICHIGAN,CM,CA,8,7,595,Residental,2014-09-01,2104517.64,37.764465,-120.271726
10912,MICHIGAN,MN,SD,4,3,1454,Residental,2013-12-05,4508807.23,37.810439,-120.282825
1670,SACRAMENTO,BS,MI,8,2,381,Residental,2015-02-08,7712021.56,37.017191,-120.195899
639,MICHIGAN,NA,ID,6,2,870,Condo,2014-08-19,4299371.66,37.932963,-120.630684
6678,MICHIGAN,CU,ID,7,1,406,Condo,2011-06-01,6886516.72,37.746211,-120.87106
4501,DAKOTA,FR,AL,4,5,861,Condo,2020-06-13,1935606.66,37.888283,-120.99392
8843,IDAHO,TT,AL,8,1,926,Residental,2010-01-02,347276.22,38.106982,-119.173243
11327,MICHIGAN,AO,SD,5,4,414,Residental,2017-01-16,6561659.36,37.390605,-119.038099
9280,IDAHO,CL,MI,1,4,1184,Condo,2016-08-19,6181170.44,38.290262,-120.580562
971,MICHIGAN,TN,AL,4,1,969,Residental,2020-03-21,1380801.65,37.344191,-120.46109
5934,IDAHO,AR,SD,5,7,1311,Residental,2017-09-24,3863889.78,38.624678,-120.940302
2878,ALABAMA,UA,AL,2,5,599,Condo,2018-05-08,1390385.37,38.577405,-119.460803
1492,MICHIGAN,BD,SD,6,3,1500,Residental,2013-03-23,7230848.75,37.715433,-119.592298
8124,IDAHO,AO,SD,7,4,604,Residental,2013-08-23,3313295.85,38.469014,-119.668638
1672,IDAHO,OM,CA,4,7,582,Condo,2014-09-26,6517389.47,37.293754,-120.993398
5785,IDAHO,ZA,SD,5,1,1413,Residental,2014-06-12,477291.25,37.105005,-119.592476
6579,IDAHO,ST,SD,8,2,1466,Condo,2015-01-09,3109823.35,37.007876,-120.358303
10819,IDAHO,LB,CA,1,7,1189,Condo,2016-06-16,4063724.13,37.384771,-120.298585
8461,MICHIGAN,MR,CA,3,5,485,Residental,2018-04-03,5940101.66,37.153082,-120.236554
1753,SACRAMENTO,CG,MI,5,2,1433,Residental,2010-09-09,8329729.68,37.454078,-120.685964
8163,DAKOTA,AF,ID,4,6,438,Condo,2011-09-15,8232084.07,38.123144,-120.477433
7174,MICHIGAN,VC,AL,2,3,661,Residental,2010-02-23,2739494.08,38.000653,-120.681628
5650,DAKOTA,KW,AL,7,6,948,Residental,2020-12-07,6865984.87,38.816503,-119.123501
9975,ALABAMA,CV,SD,8,6,208,Condo,2017-02-12,164762.94,37.052955,-119.269521
9775,ALABAMA,MX,CA,8,1,765,Residental,2012-08-27,2396001.37,38.641343,-119.909139
6631,DAKOTA,TF,CA,5,7,150,Condo,2014-12-13,4381371.26,37.705194,-119.356836
8752,ALABAMA,UM,SD,3,5,273,Residental,2020-04-16,1519954.26,38.304985,-119.335616
9603,ALABAMA,BS,ID,2,6,577,Residental,2010-07-27,526147.89,37.797407,-119.970742
9268,MICHIGAN,CO,SD,4,5,1051,Condo,2015-10-24,5517691.12,37.796063,-119.478929
7277,DAKOTA,TZ,SD,5,5,1031,Residental,2016-08-31,323027.3,37.187471,-119.914853
3830,IDAHO,SD,CA,6,4,948,Residental,2014-04-27,2137734.21,38.355639,-120.162244
1856,MICHIGAN,ML,ID,3,1,1037,Residental,2017-11-02,2912860.15,37.874744,-119.300735
4843,IDAHO,EH,MI,2,5,1304,Residental,2018-12-30,2892674.93,38.640365,-119.038089
10993,MICHIGAN,BI,SD,8,6,1198,Condo,2020-10-04,8943689.64,38.583879,-120.016021
1030,MICHIGAN,MZ,CA,3,4,838,Condo,2018-09-12,3497256.26,37.623678,-119.321495
3263,MICHIGAN,RU,CA,4,3,1154,Residental,2015-02-27,5232525.17,38.455516,-119.416483
9573,IDAHO,EE,AL,1,1,1167,Residental,2010-12-09,8999441.61,37.884312,-119.166714
9001,IDAHO,CV,SD,5,1,922,Residental,2011-03-09,4860338.43,38.80726,-119.07194
2128,ALABAMA,CY,CA,3,1,249,Condo,2009-10-27,4875588.53,37.871906,-120.039753
8176,ALABAMA,IO,AL,1,3,1419,Condo,2012-07-16,1821415.78,38.232135,-120.780521
11306,DAKOTA,GS,MI,6,6,1080,Residental,2013-05-09,1616481.51,37.332676,-119.314697
3020,SACRAMENTO,ID,SD,2,5,1466,Residental,2017-02-23,366234.53,37.398604,-119.177672
1200,SACRAMENTO,TK,AL,7,7,302,Residental,2016-07-15,6500077.29,37.52784,-119.086243
5397,MICHIGAN,AS,SD,4,2,409,Condo,2017-05-07,5116065.22,38.667349,-119.057381
2980,MICHIGAN,HR,SD,6,1,1289,Condo,2020-12-03,5863927.85,38.023419,-119.237293
8317,IDAHO,NF,CA,2,3,1287,Residental,2012-09-29,8423121.79,38.413571,-119.917838
6930,SACRAMENTO,LC,ID,8,7,1364,Condo,2018-11-29,2286524.12,37.99166,-120.109157
8172,SACRAMENTO,RE,ID,2,1,1283,Condo,2010-06-08,4056686.81,38.159701,-120.439151
9907,MICHIGAN,PE,ID,2,3,852,Residental,2016-06-16,1017920.9,38.548168,-120.844087
7554,ALABAMA,CI,MI,7,5,134,Residental,2017-07-02,3615351.19,38.10637,-120.74003
9557,DAKOTA,SC,ID,3,5,1408,Residental,2017-12-25,725634.39,38.159154,-119.607413
8801,IDAHO,IM,CA,4,2,996,Condo,2011-09-12,1039733.19,38.090724,-119.127135
8363,DAKOTA,GA,CA,2,4,864,Residental,2012-09-21,3155555.62,37.299715,-120.687502
465,ALABAMA,IO,ID,2,2,1186,Condo,2011-06-12,3920787.68,37.204521,-120.895191
69,IDAHO,GA,ID,7,7,1013,Condo,2020-06-20,5878355.85,38.948245,-119.727798
1263,MICHIGAN,AW,MI,1,3,554,Condo,2019-03-14,7431125.42,37.221198,-120.063428
487,DAKOTA,AT,CA,4,6,694,Residental,2010-06-10,7937624.7,38.494234,-120.991386
1427,MICHIGAN,HN,ID,4,6,160,Residental,2012-08-25,5719692.81,38.142894,-120.260088
1318,MICHIGAN,GY,AL,8,6,578,Residental,2020-04-18,4423951.69,38.690445,-119.38415
3708,DAKOTA,GS,AL,6,2,1268,Residental,2015-10-13,3467257.65,38.33249,-120.567105
6058,MICHIGAN,SN,MI,3,3,240,Residental,2011-08-22,5093975.64,37.071137,-119.661754
4372,IDAHO,QA,AL,6,2,1369,Residental,2019-03-19,2468725.22,38.29478,-119.32745
10165,DAKOTA,NL,CA,7,7,1483,Condo,2018-01-14,1029007.85,38.418876,-119.442104
9634,IDAHO,BT,CA,3,5,547,Residental,2017-05-02,7458457.39,38.965095,-119.89119
6947,DAKOTA,SR,AL,7,5,383,Condo,2012-03-17,4739315.95,37.207846,-119.7019
11443,ALABAMA,PS,AL,7,2,770,Condo,2011-08-11,4702246.42,38.782482,-119.948236
2380,SACRAMENTO,LB,MI,3,7,108,Condo,2014-03-20,2538151.06,38.177249,-120.159694
909,SACRAMENTO,SR,MI,2,3,679,Residental,2017-12-26,895817.85,37.177133,-120.743006
96,DAKOTA,MG,SD,1,3,722,Residental,2010-08-02,6799400.14,38.997727,-119.370223
2498,SACRAMENTO,BT,MI,2,6,762,Condo,2017-07-10,2889279.33,38.370701,-119.654316
11115,DAKOTA,CS,ID,1,7,1478,Residental,2011-04-25,5017278.84,37.0356,-120.195633
8733,MICHIGAN,LR,SD,3,5,1044,Residental,2009-10-11,6229994.67,38.373772,-119.567496
3043,ALABAMA,TK,MI,6,6,449,Residental,2018-02-06,8728174.74,37.29649,-120.884515
3046,IDAHO,HU,ID,1,6,1466,Residental,2012-03-08,6643207.61,37.965356,-119.80429
6258,DAKOTA,WF,SD,6,5,866,Residental,2017-05-28,4206470.35,38.838895,-120.023824
5134,DAKOTA,MR,AL,5,5,1005,Condo,2010-01-13,984783.51,38.396254,-120.171852
9888,MICHIGAN,KM,CA,7,3,435,Residental,2010-08-12,2809108.4,38.490326,-120.230568
5743,IDAHO,FR,CA,7,6,539,Residental,2013-04-05,6630354.56,37.234765,-119.153636
8715,MICHIGAN,CD,CA,4,3,1329,Condo,2018-03-31,6547883.48,37.023609,-120.994807
10329,SACRAMENTO,AN,CA,8,6,490,Condo,2017-07-28,8647882.92,38.296807,-119.568777
8075,MICHIGAN,SZ,CA,5,1,1193,Residental,2019-09-24,7066983.6,37.878082,-120.600737
9614,MICHIGAN,BH,SD,4,4,1247,Condo,2014-04-21,3476499.28,38.120959,-120.613413
1678,SACRAMENTO,IT,ID,8,4,1186,Condo,2011-11-05,4682701.74,38.562813,-120.491528
8268,ALABAMA,CM,AL,7,4,997,Condo,2014-11-27,5941584.44,38.455745,-119.185782
8756,ALABAMA,SN,CA,4,2,456,Residental,2013-05-20,7690707.91,38.166735,-119.300372
92,SACRAMENTO,LR,SD,7,5,106,Residental,2011-12-13,6389913.74,38.579359,-119.286266
7399,DAKOTA,CU,MI,8,2,526,Residental,2014-08-25,8533587.52,37.507644,-120.939226
8002,SACRAMENTO,GI,CA,6,6,1406,Condo,2017-03-26,3527343.1,37.510865,-120.07554
9251,ALABAMA,MN,CA,6,1,462,Condo,2012-12-02,4944614.34,38.997775,-120.996467
2687,MICHIGAN,MP,AL,1,5,524,Condo,2009-12-24,956778.05,37.374559,-120.39621
963,DAKOTA,PK,ID,3,1,1414,Residental,2013-05-05,3465172.72,37.388173,-119.652205
2263,SACRAMENTO,AZ,SD,7,2,896,Condo,2015-07-17,6332446,37.038138,-120.391442
4260,MICHIGAN,BJ,MI,7,6,1046,Residental,2011-04-12,583205.85,38.258872,-120.034113
5778,ALABAMA,NC,AL,6,1,615,Condo,2017-10-19,4585901.48,37.00736,-119.423389
1269,MICHIGAN,GB,AL,2,5,826,Condo,2016-11-12,2859106.77,38.931919,-120.633859
4744,MICHIGAN,IR,ID,7,6,1131,Condo,2015-08-06,4755813.18,37.876958,-120.58443
3273,MICHIGAN,MM,MI,1,5,917,Residental,2012-11-15,8261977.03,38.068288,-119.38262
9729,SACRAMENTO,SA,CA,3,5,320,Residental,2011-03-18,2391210.74,38.100443,-120.471968
1402,IDAHO,EH,SD,3,6,1148,Residental,2013-05-06,1242644.34,37.010055,-119.80652
2279,SACRAMENTO,JE,MI,8,4,1144,Condo,2011-12-17,3215635.52,38.493947,-120.408469
2595,SACRAMENTO,FJ,AL,6,3,597,Condo,2011-09-10,3728979.39,38.733716,-120.318588
2947,IDAHO,TT,MI,2,1,984,Residental,2017-08-06,5579379.38,38.11588,-120.05764
6850,IDAHO,LU,SD,6,5,575,Condo,2013-02-26,3052230,38.017283,-119.339373
11431,ALABAMA,SY,CA,8,4,1152,Condo,2016-08-01,8034616.58,37.93074,-119.075899
5661,SACRAMENTO,MT,AL,3,3,689,Condo,2018-05-13,4773068.46,38.772588,-119.68419
4558,ALABAMA,FR,CA,6,5,524,Residental,2016-05-16,3275675.06,38.99339,-119.534817
1766,MICHIGAN,GB,ID,8,2,955,Residental,2013-03-09,2365413.42,37.228244,-120.748577
5621,SACRAMENTO,CV,ID,5,2,686,Condo,2018-08-16,396086.89,38.86492,-120.856241
6947,DAKOTA,EH,MI,7,5,425,Residental,2012-08-26,8604132.85,37.988057,-119.953878
9499,MICHIGAN,AF,MI,1,4,435,Residental,2016-12-06,1559232,38.59246,-120.621821
2054,ALABAMA,NU,ID,8,3,854,Residental,2017-04-23,4901687.79,37.835142,-120.488978
11347,MICHIGAN,ZA,ID,3,6,840,Residental,2014-03-29,6124719.39,38.687459,-119.665938
5252,ALABAMA,AG,ID,3,6,194,Condo,2019-05-15,1025866.98,38.774987,-120.930028
8626,MICHIGAN,CY,MI,5,7,1035,Condo,2016-05-28,1781676.31,37.27194,-119.907673
8776,ALABAMA,GA,ID,2,3,1018,Residental,2019-04-19,4412193.63,38.963692,-119.517885
483,MICHIGAN,GL,SD,8,5,969,Condo,2016-04-22,4530608.84,37.523467,-119.092128
10445,MICHIGAN,NF,AL,5,4,104,Condo,2012-01-24,8908318.57,37.348242,-120.064656
3747,DAKOTA,UM,ID,7,2,1313,Condo,2020-07-15,5708012.01,37.318255,-119.021358
5573,SACRAMENTO,GB,AL,3,7,862,Condo,2015-08-14,7150491.59,37.883226,-120.158194
8813,SACRAMENTO,GQ,MI,1,3,1351,Residental,2016-03-13,4658197.74,38.763823,-120.11685
10883,ALABAMA,GY,SD,5,7,1113,Residental,2018-04-07,2697999.69,37.609877,-120.06682
1273,IDAHO,SV,MI,6,6,964,Condo,2009-10-12,4279141.13,38.619351,-120.250248
6865,MICHIGAN,TH,CA,1,6,435,Residental,2018-09-04,3806765.48,38.990483,-119.984795
6064,ALABAMA,ZW,MI,2,4,486,Residental,2014-07-07,940502.62,38.262846,-120.926915
5829,IDAHO,EH,MI,3,7,340,Residental,2018-06-10,5590636.22,37.086973,-120.73
8999,MICHIGAN,PL,ID,8,4,1013,Condo,2011-09-20,1507878.05,37.41613,-120.428733
1892,ALABAMA,AG,SD,2,3,641,Condo,2017-10-24,4094572.89,37.608008,-119.172221
1235,DAKOTA,BF,AL,4,7,1049,Residental,2020-08-31,572520.07,38.560151,-120.844484
3653,DAKOTA,GD,ID,4,7,1071,Residental,2012-12-18,5599875.32,37.970128,-120.738594
8187,ALABAMA,MR,ID,2,6,157,Condo,2020-10-04,4197204.75,37.736024,-119.10372
8850,ALABAMA,AT,SD,1,5,358,Condo,2017-07-26,5504643.62,37.668654,-119.839425
1328,DAKOTA,GE,SD,7,1,780,Residental,2019-10-13,2146550.77,38.742821,-119.677945
5849,MICHIGAN,IM,SD,8,5,371,Residental,2010-10-30,7481968.2,37.108259,-119.185816
8718,DAKOTA,JP,SD,2,1,1076,Residental,2020-01-06,939263.19,38.944319,-119.929911
11052,MICHIGAN,FJ,CA,6,7,546,Residental,2019-01-30,2383163.61,38.895837,-119.61198
4761,SACRAMENTO,PK,SD,7,6,217,Condo,2015-05-06,6581247.45,38.036298,-120.295244
1380,SACRAMENTO,SJ,SD,6,5,821,Condo,2020-10-06,2908240.96,38.702463,-119.720185
6848,DAKOTA,BA,AL,1,1,279,Residental,2011-10-01,4707873.16,38.271419,-119.995064
458,IDAHO,CO,MI,8,7,1358,Residental,2013-10-28,3287805.31,37.420276,-120.881019
845,ALABAMA,MA,ID,1,6,421,Condo,2016-09-12,6585657.76,37.285778,-119.395005
6265,IDAHO,PS,ID,2,6,244,Condo,2014-06-12,1106794.54,38.941603,-120.541901
10693,ALABAMA,SK,ID,7,7,101,Condo,2017-04-13,8376754.27,37.070975,-119.505413
445,IDAHO,VE,MI,3,1,1254,Condo,2013-07-19,4171565.75,38.560929,-119.274048
6108,ALABAMA,AD,MI,2,5,714,Residental,2017-07-27,6537128.23,37.782814,-120.941141
6545,IDAHO,MZ,AL,2,2,1287,Condo,2019-05-24,6935649.44,37.033149,-120.092068
5545,MICHIGAN,MZ,AL,6,6,1428,Condo,2016-05-25,1771609.96,38.598301,-119.412157
7239,ALABAMA,AD,CA,6,2,293,Residental,2019-09-22,8610229.58,38.097818,-120.812578
1577,MICHIGAN,LC,CA,7,1,348,Condo,2012-02-03,3775078.16,37.439135,-120.338245
5505,MICHIGAN,CI,SD,8,4,1263,Residental,2018-11-10,705051.36,38.681135,-120.981907
9934,IDAHO,AZ,ID,4,4,711,Residental,2012-07-09,3032935.26,37.982785,-120.577021
9581,ALABAMA,AO,SD,5,7,857,Residental,2010-12-18,3888608.6,38.733684,-119.346816
7075,MICHIGAN,MP,SD,3,3,491,Condo,2016-11-08,7719505.89,38.034378,-120.310873
5878,DAKOTA,TT,ID,6,4,390,Condo,2016-07-17,8420553.51,38.474031,-119.501437
10508,SACRAMENTO,MZ,ID,7,7,508,Residental,2010-03-25,5775255.37,37.526849,-120.016486
3942,SACRAMENTO,FK,ID,4,5,686,Residental,2016-07-29,7657760.79,37.702095,-120.173507
8088,ALABAMA,TH,SD,7,4,518,Condo,2012-05-13,5217030.87,37.796442,-119.09638
10457,MICHIGAN,AD,SD,8,4,1167,Condo,2012-07-29,7255709.94,37.693156,-119.852697
11047,DAKOTA,MC,CA,7,2,450,Residental,2009-10-16,4724065.79,38.840232,-119.935617
1805,ALABAMA,GL,AL,8,4,1060,Residental,2010-11-18,4579854.94,38.081062,-120.782443
5808,SACRAMENTO,GW,AL,3,5,1183,Residental,2011-12-23,1130468.01,37.470016,-119.289564
8063,MICHIGAN,LU,ID,3,6,840,Condo,2011-07-09,1628246.87,37.300559,-120.220248
7620,ALABAMA,SO,MI,6,3,785,Residental,2014-08-03,1309763.55,38.246086,-119.883325
10978,SACRAMENTO,GI,SD,2,3,143,Residental,2014-10-17,6903437.99,37.280046,-119.904373
8961,DAKOTA,ZM,SD,6,6,1454,Condo,2010-08-25,5489006.42,38.625344,-119.84783
312,ALABAMA,PT,ID,4,7,496,Residental,2016-02-11,8801101.17,37.62442,-120.776195
8995,ALABAMA,GR,SD,5,1,1085,Residental,2011-12-17,4825568.36,37.50861,-119.464289
9909,ALABAMA,SY,SD,7,7,436,Residental,2009-11-07,2061031.04,37.018019,-120.52486
2699,DAKOTA,BI,MI,6,4,1133,Residental,2015-04-19,8236941.18,38.381967,-120.250039
5899,IDAHO,CY,MI,1,1,1025,Condo,2020-05-22,3741866.46,38.37573,-120.198385
10235,MICHIGAN,TT,MI,1,1,1346,Condo,2020-02-03,7462359.49,38.866393,-120.043199
1486,MICHIGAN,BE,ID,2,5,1376,Residental,2014-08-25,2547109.47,38.236543,-120.31065
4594,MICHIGAN,IM,CA,1,3,662,Residental,2012-10-30,1527349.56,37.812721,-119.091193
3451,ALABAMA,IL,ID,5,2,1357,Residental,2016-03-28,5761461.56,37.83597,-120.459223
2672,MICHIGAN,ID,MI,3,5,789,Condo,2016-12-15,3627574.18,38.214597,-119.378711
9782,ALABAMA,TW,CA,6,5,130,Condo,2011-05-19,3207025.85,37.225108,-119.362614
9257,SACRAMENTO,OM,AL,6,4,208,Condo,2016-03-05,3698783.97,37.094477,-120.999687
2381,ALABAMA,KW,SD,7,5,649,Condo,2019-01-12,5960641.44,37.6557,-119.636894
4036,IDAHO,AR,SD,7,3,958,Residental,2009-08-23,3331994.75,37.982586,-120.905088
6552,SACRAMENTO,PF,AL,6,2,695,Residental,2011-11-12,8671515.1,38.680555,-119.68932
4593,MICHIGAN,SR,ID,8,5,227,Residental,2011-07-31,1867321.61,38.791024,-119.827375
10903,SACRAMENTO,KP,AL,6,7,1369,Condo,2011-03-24,3234434.06,38.033235,-119.732552
10497,ALABAMA,SG,CA,7,6,589,Residental,2019-09-03,5669845.89,37.687597,-119.457103
3940,ALABAMA,SJ,CA,6,4,1023,Residental,2017-06-07,7887083.77,38.704372,-119.448265
3710,DAKOTA,GL,SD,8,5,807,Residental,2009-07-04,2041504.28,38.962967,-119.718993
4570,DAKOTA,PH,SD,8,3,182,Condo,2009-10-27,1910702.3,38.817888,-119.876555
4479,IDAHO,DM,ID,8,7,530,Residental,2010-05-04,6355896.95,37.653027,-120.117693
5042,IDAHO,BA,CA,8,6,152,Residental,2015-03-14,3757811.22,38.80511,-119.901223
6360,DAKOTA,PK,CA,5,7,1488,Condo,2010-07-14,1262440.84,38.818373,-120.427112
307,DAKOTA,BJ,ID,5,1,928,Residental,2017-06-20,2078998.54,38.162119,-119.739409
4238,ALABAMA,TC,CA,7,7,380,Condo,2017-01-05,8309513.36,37.14998,-119.270072
6371,SACRAMENTO,NC,ID,2,6,125,Condo,2019-04-03,8480043.28,37.625257,-119.822754
7768,SACRAMENTO,GY,AL,4,4,1417,Condo,2013-07-12,341912.06,37.914865,-119.792117
10393,SACRAMENTO,TN,SD,2,1,1456,Condo,2012-06-13,6348609.24,38.202451,-120.161474
975,MICHIGAN,CM,MI,1,1,145,Residental,2018-02-09,5018434.77,37.815259,-120.058521
9133,IDAHO,OM,SD,5,7,444,Condo,2014-09-04,8751847.97,38.268521,-119.262495
3995,IDAHO,CG,SD,5,1,159,Condo,2012-08-23,479041.41,37.536225,-120.864083
3313,IDAHO,KR,SD,4,2,1244,Residental,2010-08-16,3891982.18,37.42543,-119.563726
8014,ALABAMA,TF,SD,3,6,1054,Condo,2015-09-10,3036202.29,38.556327,-119.865476
7057,IDAHO,KP,AL,5,6,582,Condo,2011-02-22,3985963.92,37.489712,-119.258072
4002,MICHIGAN,MG,AL,4,3,260,Condo,2015-03-07,4060721.32,37.856342,-119.827601
7674,DAKOTA,IT,MI,6,3,155,Residental,2010-06-29,8501945.79,37.93993,-120.877157
7638,SACRAMENTO,MK,AL,8,5,778,Condo,2016-07-08,8744776.06,37.086924,-119.760417
3697,DAKOTA,ES,ID,5,7,576,Condo,2011-04-13,5818968.57,38.213409,-120.962573
628,ALABAMA,AG,CA,8,4,670,Condo,2015-05-01,5674490.53,37.586243,-119.995548
3539,DAKOTA,AT,MI,3,2,368,Residental,2013-05-16,8290953.64,38.392384,-120.720549
8764,IDAHO,NZ,AL,7,7,1096,Residental,2010-11-26,288600.39,38.007511,-120.533869
5536,MICHIGAN,IL,ID,7,6,522,Condo,2020-06-16,8220965.19,38.154461,-119.205439
3149,SACRAMENTO,UA,SD,1,6,1306,Residental,2018-09-03,6463960.82,38.254206,-119.716377
8241,IDAHO,AG,AL,1,6,564,Residental,2013-12-01,2104827.09,38.470892,-119.353403
806,IDAHO,LA,ID,1,2,1098,Condo,2015-11-14,3423269.32,38.885731,-120.491674
9223,ALABAMA,SZ,CA,7,1,697,Residental,2016-09-10,1818203.07,38.925916,-120.360939
370,ALABAMA,PM,AL,3,3,950,Condo,2017-01-11,6816423.97,38.729404,-119.862045
5775,MICHIGAN,ET,SD,6,4,361,Condo,2020-09-11,1106228.45,37.473988,-120.336914
6927,SACRAMENTO,UY,MI,5,4,496,Residental,2011-01-05,7821690.5,38.870723,-120.102009
10966,ALABAMA,AI,ID,2,7,393,Residental,2019-01-17,2445329,38.630919,-120.587991
1272,DAKOTA,GL,CA,3,6,886,Residental,2016-02-12,7524277.66,38.704178,-120.222368
10123,DAKOTA,TV,MI,6,4,443,Condo,2012-07-22,4024508.76,38.417372,-120.737147
5040,DAKOTA,GD,CA,6,5,809,Residental,2013-05-06,2743607.14,38.313454,-120.526695
4944,ALABAMA,SY,SD,3,5,1306,Residental,2011-03-16,8495844.2,37.943998,-119.041853
8578,DAKOTA,ID,SD,8,6,1500,Residental,2018-11-28,687744.6,37.844965,-120.527958
2466,ALABAMA,FK,CA,7,3,1449,Condo,2020-03-08,7009426.25,38.669816,-119.610156
2373,ALABAMA,IN,AL,1,1,555,Residental,2018-04-18,8178668.87,38.84952,-119.332547
8660,DAKOTA,PG,CA,8,3,724,Condo,2020-11-28,2649019.16,37.445924,-119.258458
6945,DAKOTA,PA,CA,4,2,275,Condo,2017-10-11,6194842.85,37.674004,-120.07608
5955,IDAHO,VU,AL,5,7,269,Residental,2013-02-21,2814693.07,38.165503,-120.985133
8758,SACRAMENTO,NA,ID,1,3,844,Residental,2020-11-15,4459497.39,37.257313,-120.829913
6725,IDAHO,AD,SD,7,2,1199,Condo,2018-11-17,4395458.2,38.790132,-119.05153
5759,MICHIGAN,AO,AL,8,1,835,Condo,2019-05-24,7205750.67,37.795263,-119.291671
7953,DAKOTA,BV,SD,8,2,248,Condo,2011-08-23,2446146.27,37.087722,-120.838764
1056,IDAHO,MP,MI,8,2,813,Condo,2017-08-13,4917169.08,37.058901,-119.261381
9590,DAKOTA,AQ,AL,7,2,1406,Residental,2016-10-23,3811325.92,37.258914,-119.261313
10540,SACRAMENTO,GN,ID,6,7,1074,Condo,2013-08-11,8599679.76,38.171272,-119.347252
546,DAKOTA,BV,CA,5,1,907,Residental,2019-02-14,8913271.13,38.460089,-120.063556
883,IDAHO,BB,SD,4,7,1486,Condo,2014-12-18,5767423.02,38.380105,-120.412245
4836,ALABAMA,EC,AL,8,5,1154,Residental,2017-08-10,311215.65,37.974676,-120.005677
9134,IDAHO,UM,ID,7,7,277,Residental,2011-04-30,3514677.55,38.473284,-120.276421
8386,MICHIGAN,HK,CA,8,6,914,Residental,2009-11-10,7545377.02,38.086716,-119.694224
6504,IDAHO,AD,AL,7,2,284,Residental,2015-05-06,6043608.28,37.329068,-120.372844
10885,MICHIGAN,TD,AL,5,2,1123,Residental,2015-12-01,294299.43,38.140956,-119.559173
5800,IDAHO,FJ,ID,3,3,277,Residental,2011-09-05,1243356.09,37.152467,-120.850813
9664,DAKOTA,CF,ID,7,5,803,Condo,2018-04-25,6514499.67,37.648376,-119.245737
4638,ALABAMA,IM,CA,2,1,1260,Residental,2010-08-22,794005.35,38.950727,-120.089151
1760,MICHIGAN,PW,CA,5,2,991,Condo,2010-03-23,4823773.41,37.146025,-119.632158
10400,ALABAMA,MU,SD,5,3,1318,Residental,2017-11-01,2953747.64,38.565571,-120.68187
9655,IDAHO,VE,CA,7,4,293,Condo,2016-06-25,291318.24,38.003766,-119.118334
552,SACRAMENTO,MN,ID,7,2,1396,Condo,2019-05-11,5874453.18,37.343336,-119.126958
4105,ALABAMA,BD,MI,5,3,645,Condo,2009-11-27,3146904.67,38.273931,-119.712331
3556,ALABAMA,PK,SD,7,2,986,Residental,2014-04-21,882453.08,38.599309,-120.035707
7265,MICHIGAN,VA,CA,2,1,1027,Condo,2013-11-24,2385922.8,37.961081,-120.840777
3629,ALABAMA,GG,SD,4,6,1138,Residental,2018-08-09,8278044.82,38.842071,-119.473241
9344,SACRAMENTO,LB,SD,5,5,1227,Condo,2010-12-21,6156158.91,38.785518,-119.186657
4197,DAKOTA,TN,ID,5,5,1067,Condo,2017-05-14,6500335.21,38.962206,-120.757435
3337,DAKOTA,CR,MI,4,3,1406,Condo,2012-08-13,5159152.04,38.077752,-119.807489
10001,IDAHO,RU,SD,6,2,719,Residental,2015-09-19,5079081.9,37.203519,-120.57786
8444,ALABAMA,VU,ID,5,2,320,Condo,2013-06-03,1648239.24,38.772977,-119.320278
10202,SACRAMENTO,KG,MI,7,6,331,Condo,2019-07-25,6852807.08,37.660212,-119.687785
5097,SACRAMENTO,UY,CA,4,3,284,Condo,2013-08-19,3357277.49,37.470315,-119.438955
7425,SACRAMENTO,DE,MI,7,2,392,Residental,2018-05-18,322723.54,37.697166,-119.051972
9418,MICHIGAN,RE,MI,3,7,414,Residental,2014-04-20,3094745.51,37.26874,-119.470066
2083,ALABAMA,GQ,ID,7,3,384,Condo,2020-01-01,8476943.72,37.457815,-120.354719
10849,DAKOTA,AD,AL,7,4,862,Condo,2019-05-25,7276789.59,37.302753,-120.796498
10268,MICHIGAN,ER,SD,8,2,1155,Residental,2013-07-07,1862885.33,38.516728,-119.143988
5404,ALABAMA,NR,MI,4,5,853,Residental,2018-07-04,5775141.26,38.127012,-120.030609
6293,SACRAMENTO,AF,MI,6,7,291,Residental,2014-12-31,7405763.56,37.070376,-119.123298
6237,ALABAMA,SH,ID,3,4,1216,Condo,2014-03-05,7513793.23,37.836434,-120.630294
777,SACRAMENTO,CC,ID,6,3,981,Residental,2018-01-28,3724821.65,37.141788,-119.637877
11394,SACRAMENTO,BM,AL,3,7,935,Condo,2020-03-01,5752576.4,38.480192,-119.505521
10802,MICHIGAN,GN,AL,4,4,906,Condo,2017-12-30,1469141.67,37.751266,-120.30562
6131,DAKOTA,AU,MI,3,6,1398,Residental,2019-09-29,3252783.97,37.016493,-119.097842
1795,ALABAMA,GB,MI,2,4,1407,Residental,2010-03-25,8779327.76,37.870844,-120.945481
15,IDAHO,MQ,CA,5,1,1372,Residental,2017-11-04,2327100.16,38.958338,-119.981787
5981,SACRAMENTO,TZ,SD,2,1,1095,Condo,2013-05-17,4353676.66,37.021223,-120.861924
1883,IDAHO,CM,SD,8,6,1389,Condo,2010-02-01,4013296.23,38.909729,-119.62292
10491,MICHIGAN,ES,ID,6,1,105,Residental,2013-07-01,4538152.07,38.366441,-120.257286
2456,ALABAMA,CF,AL,8,6,523,Condo,2017-04-23,1096676.53,38.423327,-119.10582
5122,MICHIGAN,LC,MI,5,1,1148,Condo,2009-10-08,632480.06,37.672347,-120.018215
2511,ALABAMA,ER,MI,8,1,790,Condo,2019-03-21,8618712.11,38.588254,-120.250351
6891,IDAHO,NI,CA,2,5,784,Condo,2015-08-18,6812092.17,37.732945,-120.361408
538,ALABAMA,DM,CA,8,2,1338,Residental,2018-04-10,2838231.96,37.735543,-119.98972
6224,ALABAMA,BO,MI,1,3,810,Condo,2011-11-02,8147810.39,37.356474,-119.879972
6151,ALABAMA,MQ,AL,2,2,1139,Condo,2019-06-09,8393538.02,38.900199,-120.990051
3201,DAKOTA,TD,SD,5,3,1315,Condo,2018-07-18,4434944.96,37.23935,-120.724372
10057,ALABAMA,AM,SD,4,7,536,Residental,2012-03-09,6713359.09,38.825357,-120.367165
9426,SACRAMENTO,HU,MI,2,4,441,Residental,2014-05-17,8476306.63,37.084386,-119.844168
9635,DAKOTA,AS,CA,2,3,912,Condo,2020-06-13,1197123.26,38.2651,-120.579318
7975,ALABAMA,JM,AL,7,2,1143,Condo,2014-05-25,2295289.7,37.405767,-120.29009
1514,ALABAMA,GW,CA,8,3,1240,Condo,2011-10-26,7143546.3,37.268053,-119.95952
3840,DAKOTA,BY,SD,2,2,1238,Residental,2013-09-08,8229109.45,37.509416,-119.947136
2359,IDAHO,GF,ID,6,7,661,Residental,2018-07-17,6428392.07,37.091436,-119.087399
1830,DAKOTA,KG,CA,5,5,821,Condo,2016-06-04,3041524.15,38.118866,-120.749357
8267,ALABAMA,AM,MI,8,7,770,Residental,2013-03-22,4849461.38,37.266944,-120.316363
434,IDAHO,CR,CA,3,3,833,Condo,2010-08-14,4931448.22,37.156115,-119.997183
8032,MICHIGAN,HR,MI,3,2,714,Residental,2017-03-15,2068333.68,38.491185,-119.755581
1398,DAKOTA,MU,CA,8,1,1382,Residental,2011-05-21,1602607.24,37.311984,-120.745603
613,ALABAMA,DE,CA,4,5,265,Residental,2015-01-06,5489977.78,38.575689,-120.106503
105,DAKOTA,PT,SD,4,7,572,Condo,2014-02-15,8365682.2,38.468509,-120.505
9659,MICHIGAN,ZM,MI,1,4,233,Residental,2016-12-02,3900611.06,38.038304,-120.398728
10578,MICHIGAN,TN,AL,4,5,274,Residental,2019-07-13,696050.92,37.061717,-119.622806
3138,ALABAMA,BE,ID,1,3,623,Condo,2015-07-02,4333646.89,38.824292,-119.332055
9449,ALABAMA,ZM,SD,4,7,458,Condo,2010-07-18,2983035.54,37.08754,-119.636116
7134,IDAHO,IR,MI,6,5,1299,Residental,2020-12-16,1399814.24,37.401969,-119.291046
4494,MICHIGAN,NO,AL,7,7,242,Condo,2011-03-18,4479000.74,37.398331,-120.27532
10814,IDAHO,PN,AL,1,6,1120,Condo,2009-09-05,5321143.28,38.340897,-119.848054
4617,SACRAMENTO,US,SD,1,7,1335,Residental,2012-10-07,6041979.26,38.251085,-120.488216
921,IDAHO,GD,AL,8,7,620,Residental,2013-10-17,1410186.8,38.33685,-119.20313
1160,MICHIGAN,KH,MI,1,5,117,Condo,2014-07-24,8758183.04,37.403986,-119.703387
5466,ALABAMA,CC,ID,3,5,124,Residental,2019-07-24,1492688.18,37.707683,-120.582963
4349,MICHIGAN,SC,MI,5,2,352,Condo,2018-10-16,940449.14,38.568958,-120.55243
4262,IDAHO,NC,AL,3,5,1359,Condo,2018-09-12,4521730.9,38.253748,-120.423663
2061,MICHIGAN,KY,MI,1,5,689,Residental,2020-06-01,8462035.11,37.083791,-120.172727
3040,ALABAMA,RU,ID,6,1,1220,Residental,2014-01-10,5320068.03,38.761521,-119.872376
3842,IDAHO,AD,SD,6,3,803,Condo,2012-04-29,1514480.01,38.105592,-119.523519
8696,SACRAMENTO,PY,AL,3,3,196,Condo,2014-11-27,869685.09,38.134241,-120.321831
8143,ALABAMA,SC,SD,2,7,1420,Residental,2018-06-20,7262202.71,37.564104,-119.057097
8183,MICHIGAN,GY,SD,2,5,261,Condo,2018-05-01,8398023.42,38.258524,-120.764931
5179,IDAHO,GQ,ID,3,4,262,Condo,2010-12-16,1334582.67,38.792008,-120.495525
1330,MICHIGAN,VE,AL,1,7,1197,Residental,2014-06-27,2586634.88,38.489233,-120.72649
1887,MICHIGAN,MD,CA,1,2,212,Residental,2018-02-14,1921703.31,37.766667,-120.786364
927,DAKOTA,DO,CA,2,3,244,Residental,2020-02-11,7852633.29,37.134506,-120.949449
2418,IDAHO,CY,MI,7,1,1462,Condo,2015-08-28,7593601.63,38.280018,-119.038977
997,DAKOTA,GD,ID,1,3,1295,Residental,2015-06-11,3861585.13,38.627275,-120.282954
11460,DAKOTA,GH,ID,8,4,1232,Condo,2016-07-23,6592885.31,38.425855,-119.409442
9516,IDAHO,RU,SD,8,5,1048,Residental,2020-02-17,2207051.67,37.895656,-119.631958
7656,IDAHO,AG,CA,4,7,756,Residental,2020-08-03,6139228.12,38.397603,-119.620537
3742,ALABAMA,CU,AL,7,6,874,Residental,2016-10-04,1012794.72,37.763155,-120.991183
2925,SACRAMENTO,ET,ID,7,4,1256,Residental,2017-03-08,1117113.84,37.012282,-120.843045
7450,ALABAMA,TM,ID,4,2,1268,Residental,2012-05-31,5294561.18,37.889374,-120.653291
3217,MICHIGAN,NR,ID,2,5,1092,Condo,2013-10-12,7667361.96,38.663264,-120.759383
3561,IDAHO,SJ,SD,6,3,1213,Residental,2020-08-22,8925233.67,37.400662,-119.535415
4194,DAKOTA,NA,SD,1,5,1442,Residental,2017-09-16,687128.1,37.731771,-120.380486
5033,DAKOTA,SN,ID,7,4,1030,Condo,2018-03-25,6823570.15,37.31292,-120.851562
9619,IDAHO,MH,MI,5,3,1364,Residental,2012-07-20,2357854.37,38.680568,-119.236907
1939,IDAHO,PG,MI,2,7,1255,Residental,2016-06-01,5506663.1,37.903439,-120.999573
2273,IDAHO,CS,AL,5,2,689,Residental,2017-09-13,6104207.03,37.109633,-119.520521
11414,MICHIGAN,TF,MI,4,4,702,Residental,2012-05-10,7953839.98,38.924397,-120.919801
10203,SACRAMENTO,ZM,MI,1,4,493,Residental,2014-09-21,2829623.66,38.268676,-120.769117
1056,ALABAMA,GE,CA,2,7,220,Condo,2019-04-08,4448649.52,37.459129,-120.41136
2319,DAKOTA,MP,CA,8,5,1141,Residental,2009-08-24,1237491.12,38.86125,-119.270496
3825,ALABAMA,KM,CA,5,2,559,Condo,2013-11-29,3728672.06,38.950009,-120.112014
10578,IDAHO,PY,MI,7,2,628,Condo,2019-12-07,7020140.08,38.578125,-119.322493
9882,IDAHO,IL,SD,1,4,410,Residental,2012-06-07,1770645.58,37.28349,-120.013039
5858,IDAHO,SY,SD,8,5,960,Residental,2013-04-04,7361777.23,38.96675,-119.112841
8845,SACRAMENTO,MD,AL,2,2,1201,Residental,2015-07-21,5758355.73,38.985712,-120.93151
1993,DAKOTA,FO,AL,4,3,1323,Residental,2010-04-18,2430548.38,37.321971,-120.122917
19,IDAHO,VI,CA,2,7,1434,Residental,2014-12-01,1139139.83,37.892549,-119.032247
9103,ALABAMA,CZ,CA,7,4,551,Residental,2017-01-04,5820450.87,38.462709,-120.953536
6248,DAKOTA,TM,AL,4,1,118,Condo,2011-11-02,6235176.42,38.156559,-120.511259
10017,SACRAMENTO,KW,SD,5,5,601,Residental,2014-09-04,6971750.62,38.557389,-120.378381
2448,IDAHO,NA,MI,4,6,978,Condo,2018-09-23,1132564.44,37.800538,-120.419075
6999,IDAHO,DZ,SD,4,6,686,Condo,2010-05-28,5544656.1,38.061608,-119.741446
6008,ALABAMA,UY,ID,7,2,520,Residental,2016-02-16,7117307.42,37.187145,-119.688559
11409,ALABAMA,DE,ID,8,4,311,Residental,2012-01-19,3719721.46,37.56276,-119.351111
1592,ALABAMA,CU,MI,8,6,748,Residental,2013-10-23,6093021.17,37.239194,-120.780399
8605,SACRAMENTO,FR,MI,3,2,1010,Residental,2017-02-16,6117928.12,38.392879,-120.223986
5336,DAKOTA,PT,ID,5,1,1190,Residental,2016-05-10,8836731.93,38.382448,-120.058734
8427,MICHIGAN,NA,SD,8,1,420,Condo,2009-10-20,3076456.47,38.535216,-119.584885
4734,DAKOTA,PF,ID,3,5,129,Residental,2017-03-27,1400213.42,38.53457,-120.085193
1277,MICHIGAN,TZ,SD,5,3,1290,Condo,2015-07-20,728421.38,37.012509,-119.99459
13,IDAHO,SH,ID,6,5,613,Residental,2011-08-23,7282004.86,38.558781,-119.683615
3820,MICHIGAN,MG,ID,4,6,332,Residental,2017-05-05,7979915.7,38.146315,-119.791966
6107,DAKOTA,SA,CA,6,4,725,Residental,2018-08-10,866252.81,37.332261,-120.505286
5674,DAKOTA,CF,SD,3,3,988,Residental,2011-07-26,5675864.89,37.292872,-120.332837
5229,SACRAMENTO,BJ,MI,5,4,1322,Condo,2010-07-13,2995925.52,37.967954,-119.033652
2478,SACRAMENTO,AX,SD,3,2,385,Condo,2010-11-02,5461978.13,38.068661,-119.643592
6836,MICHIGAN,SV,MI,4,6,355,Residental,2019-05-20,8499310.2,38.998396,-120.698987
1999,MICHIGAN,PL,AL,5,3,722,Residental,2009-08-30,5463736.89,37.532526,-120.370775
8990,ALABAMA,KI,MI,7,6,1393,Residental,2011-10-04,1347304.26,37.440919,-119.176135
8244,MICHIGAN,NI,ID,8,2,536,Condo,2019-02-12,3874226.88,37.274884,-120.098918
2672,DAKOTA,PF,AL,1,4,1110,Residental,2015-09-06,5486285.71,38.90205,-120.999762
7630,SACRAMENTO,YT,MI,3,1,1106,Residental,2013-12-25,3814169.49,38.939355,-119.449958
5898,DAKOTA,VE,ID,2,1,1452,Residental,2018-01-28,1961325.63,37.805678,-119.360151
7632,IDAHO,PW,CA,5,3,1014,Residental,2016-07-13,8827966.44,37.485312,-120.772418
806,ALABAMA,MU,MI,3,2,857,Residental,2009-07-27,7358549.09,38.936187,-119.587665
2113,IDAHO,PA,SD,4,4,1011,Condo,2016-11-30,4673924.66,37.683655,-119.700231
10776,MICHIGAN,MQ,MI,1,7,419,Condo,2013-05-11,57546.08,37.191317,-119.65392
10803,MICHIGAN,GI,CA,1,2,779,Residental,2013-01-23,7643824.93,38.276328,-120.019761
11214,DAKOTA,SG,SD,8,3,1353,Condo,2011-05-12,70087.93,37.460383,-119.450875
2829,MICHIGAN,PM,AL,7,3,769,Condo,2013-09-13,6749937.5,38.453051,-120.594042
4351,IDAHO,NZ,CA,1,3,994,Condo,2013-10-02,4824182.04,37.036606,-120.431138
8462,DAKOTA,HU,ID,5,1,193,Condo,2012-12-27,6864060.52,37.449113,-120.485902
273,ALABAMA,BD,CA,3,4,308,Condo,2010-02-13,5221793.43,37.945765,-120.805728
8659,SACRAMENTO,MT,ID,6,6,394,Condo,2014-11-16,8235065.34,38.528025,-119.025504
10910,IDAHO,MQ,CA,2,3,1474,Residental,2016-07-27,3106278.2,38.144395,-119.123601
2589,IDAHO,PE,ID,2,2,892,Condo,2010-11-21,3847700.53,38.897268,-119.138843
9402,DAKOTA,PY,AL,2,4,247,Residental,2016-08-13,4153581.97,37.063817,-120.070941
1337,MICHIGAN,GN,SD,1,6,605,Condo,2016-02-18,8609407.58,38.767362,-119.888003
7068,ALABAMA,IQ,CA,1,5,865,Condo,2010-05-30,426172.23,38.031135,-119.090987
8948,IDAHO,GN,SD,6,7,1457,Residental,2011-04-01,5798614.47,38.593738,-120.464616
3079,SACRAMENTO,KN,CA,5,7,667,Residental,2019-08-15,6540223.51,38.51281,-119.189435
2525,SACRAMENTO,BM,MI,1,7,452,Residental,2010-10-08,8828932.45,38.689419,-120.805854
5433,ALABAMA,GI,SD,2,6,1381,Condo,2017-06-19,2418912.29,38.522627,-120.54575
1691,MICHIGAN,AQ,CA,2,1,747,Condo,2009-11-18,8271941.26,37.371578,-119.076743
3623,IDAHO,ML,SD,2,4,985,Condo,2016-03-16,6034891.67,38.503487,-120.832677
10749,MICHIGAN,HN,ID,8,5,644,Residental,2010-05-01,7255553.03,37.490316,-120.011329
7063,MICHIGAN,GI,AL,6,2,899,Condo,2013-04-15,6366623.28,37.088582,-120.198062
10214,ALABAMA,VI,SD,4,5,139,Residental,2015-12-06,8519682.18,37.211055,-120.434366
3600,SACRAMENTO,CH,CA,8,4,178,Residental,2013-06-06,3029945.86,38.17588,-120.321814
8440,DAKOTA,CA,SD,1,1,1064,Residental,2014-03-18,7809293.98,38.801771,-120.667942
3273,SACRAMENTO,SA,ID,8,3,461,Residental,2020-05-03,7891472.47,38.692558,-119.691761
8993,DAKOTA,CY,CA,7,4,598,Condo,2018-11-27,7197079.76,38.283151,-120.632447
9611,MICHIGAN,TD,ID,3,1,1200,Residental,2016-12-12,8827624.79,38.372855,-120.484942
8749,MICHIGAN,MV,ID,8,7,651,Residental,2017-02-28,2565506.94,38.892702,-119.319359
3086,DAKOTA,BJ,SD,6,4,538,Residental,2015-03-02,3760573.92,38.295746,-120.894937
6866,DAKOTA,MK,MI,3,7,1132,Residental,2015-08-19,4948084.05,37.854029,-120.735593
8441,MICHIGAN,SD,MI,3,7,870,Condo,2015-11-03,7806801.94,37.219506,-119.097352
9468,DAKOTA,UA,ID,4,2,309,Residental,2011-03-14,195741.84,37.607935,-119.942025
7964,ALABAMA,NZ,MI,6,4,421,Residental,2011-05-29,590576.96,38.886375,-120.947249
8700,MICHIGAN,ID,SD,5,2,1184,Condo,2019-08-16,6598078.1,38.973911,-119.155598
8314,MICHIGAN,JO,AL,5,5,187,Residental,2013-07-22,1962484.78,38.20994,-120.507836
4085,DAKOTA,GW,SD,1,1,612,Condo,2016-12-13,7795662.26,37.181799,-120.170616
5570,MICHIGAN,LR,SD,8,2,194,Residental,2014-02-27,7662376.64,38.396651,-120.034697
5028,ALABAMA,PG,SD,6,5,255,Residental,2013-06-27,1737830.09,38.469986,-120.102964
359,ALABAMA,DE,ID,5,7,852,Residental,2019-03-31,819966.34,38.147877,-120.576877
1401,ALABAMA,AI,ID,6,5,867,Residental,2010-06-07,8607208.56,38.284833,-120.867755
3459,IDAHO,TJ,AL,5,4,1375,Residental,2015-11-20,5845780.13,37.439392,-120.334871
10382,DAKOTA,AI,CA,6,6,133,Residental,2009-08-10,2575469.39,37.255434,-120.970278
190,MICHIGAN,PM,MI,4,6,1460,Condo,2017-05-06,1721859.36,37.144048,-119.391396
3263,SACRAMENTO,PH,MI,4,1,751,Residental,2020-12-16,2767338.31,37.454323,-119.699147
2263,SACRAMENTO,UY,AL,7,4,494,Condo,2015-09-11,4225845.24,37.298488,-119.665989
1407,SACRAMENTO,NP,MI,3,2,810,Condo,2011-10-20,3994013.05,37.548635,-120.699548
2189,MICHIGAN,MN,MI,1,5,647,Residental,2010-07-15,3162181.24,37.235756,-119.200084
2841,MICHIGAN,RO,AL,5,2,1480,Residental,2014-12-19,8467479.15,38.215293,-119.828474
437,DAKOTA,BG,MI,8,3,712,Residental,2010-11-20,2479634.44,38.584562,-120.415606
1949,ALABAMA,SR,MI,1,2,660,Condo,2013-10-04,1708715.39,38.822222,-120.071878
648,IDAHO,NA,SD,1,4,1144,Condo,2020-04-05,8037318.93,38.660861,-119.464344
5508,ALABAMA,QA,SD,3,1,246,Residental,2012-06-13,8062617.05,37.962143,-119.98041
3867,IDAHO,TW,CA,5,2,714,Condo,2013-02-25,6653601.13,38.842727,-119.637137
5252,DAKOTA,GT,CA,1,1,368,Residental,2010-11-11,8051456.83,38.476436,-119.64154
10268,ALABAMA,NU,ID,8,3,195,Condo,2011-08-27,6142354.92,38.132704,-119.463378
1515,ALABAMA,SV,CA,4,6,282,Residental,2017-02-04,7406853.38,38.82917,-119.128331
6925,DAKOTA,TJ,CA,4,7,1269,Condo,2016-03-16,8547337.08,38.423341,-120.721026
5625,SACRAMENTO,PR,ID,1,6,1257,Condo,2019-09-17,6044098.32,38.001821,-120.87584
7717,DAKOTA,DE,AL,6,4,368,Condo,2015-07-02,4477402.12,37.304743,-119.584377
7059,ALABAMA,HT,MI,7,2,298,Condo,2016-01-26,8465419.98,38.244169,-119.608111
8552,DAKOTA,IR,ID,2,5,790,Residental,2012-10-07,182401.06,37.976012,-120.820419
5764,ALABAMA,KI,CA,5,3,864,Condo,2010-08-14,4269876.62,38.013494,-120.836093
10531,DAKOTA,NF,SD,7,7,1474,Residental,2018-08-27,2626386.01,38.496084,-119.556974
1110,MICHIGAN,SJ,CA,3,2,936,Residental,2018-04-30,1256076.66,38.850794,-119.991746
2061,ALABAMA,IN,ID,6,4,1491,Condo,2010-05-18,4734363.08,37.9004,-119.079464
1464,IDAHO,IN,MI,6,2,369,Residental,2010-05-13,6406185.25,37.005147,-119.428295
6874,MICHIGAN,CG,SD,8,6,1344,Condo,2014-09-11,5742992.03,37.541081,-120.91364
9301,ALABAMA,MW,MI,2,5,1236,Condo,2020-11-03,7956930.72,38.206315,-119.904606
4596,DAKOTA,BF,SD,3,4,708,Residental,2018-09-15,6704565.07,37.4722,-119.908762
1503,DAKOTA,SM,AL,3,1,984,Residental,2017-09-06,7583738.39,38.038924,-119.990552
9281,ALABAMA,HN,SD,2,6,995,Residental,2014-11-01,8886331.73,38.548113,-119.69128
3312,IDAHO,SD,SD,3,2,1027,Condo,2017-12-08,6848033.39,37.29486,-120.429902
8581,SACRAMENTO,BT,CA,7,5,669,Condo,2009-11-25,1700711.35,37.490685,-119.874542
8617,MICHIGAN,CH,MI,2,6,146,Condo,2017-03-15,5545938.07,38.049465,-120.451414
11064,SACRAMENTO,IL,MI,5,7,143,Residental,2010-10-14,6299770.43,38.123847,-120.54138
8120,DAKOTA,MU,AL,3,5,1497,Condo,2013-01-10,5347894.01,37.380544,-119.129546
3272,ALABAMA,NC,AL,3,6,1005,Condo,2014-02-01,8535028.64,37.420093,-120.210199
11119,ALABAMA,EE,MI,5,4,726,Condo,2019-01-11,8714214.78,38.332544,-120.361665
5935,DAKOTA,CS,AL,1,6,769,Condo,2020-03-27,6379259.76,38.476242,-120.294127
6765,IDAHO,PK,MI,7,7,810,Residental,2017-12-18,1405982.15,37.994576,-120.237296
6843,ALABAMA,LU,MI,2,4,619,Condo,2012-04-21,2580690.56,37.624138,-119.279753
2769,MICHIGAN,SI,CA,3,7,400,Condo,2014-11-26,3822946.64,37.191574,-119.874116
5828,IDAHO,HN,AL,6,1,862,Condo,2010-02-03,8030573.52,37.393376,-119.425712
6592,ALABAMA,NR,MI,2,6,554,Condo,2012-06-19,6524812.51,38.520044,-119.163906
10385,SACRAMENTO,UG,MI,8,4,966,Residental,2013-08-10,4419094.69,38.86027,-119.350528
3393,IDAHO,DE,ID,4,3,1370,Condo,2012-10-25,8274575.86,37.119069,-120.747356
2018,MICHIGAN,DE,MI,5,3,715,Condo,2011-09-10,6581836.84,37.870696,-120.182939
1692,SACRAMENTO,RU,CA,2,5,254,Condo,2014-10-31,6550452.22,37.771439,-119.634223
7973,ALABAMA,JE,AL,8,6,1307,Residental,2014-03-17,4590410,38.960681,-120.925956
7351,IDAHO,AF,CA,8,2,639,Residental,2014-09-10,5372975.67,37.395035,-120.034616
28,DAKOTA,WF,CA,1,1,329,Condo,2018-03-17,1989437.51,37.685565,-120.997956
572,DAKOTA,HK,MI,4,5,1238,Residental,2013-03-26,8752137.31,38.727789,-120.511025
6205,MICHIGAN,SG,ID,1,3,399,Condo,2011-02-03,5835691.23,37.741496,-119.106292
2802,DAKOTA,KN,CA,5,5,1069,Condo,2020-03-25,4945945.33,38.861852,-119.908478
2429,IDAHO,DE,CA,6,2,1104,Condo,2016-06-14,8399746.51,37.202368,-119.975176
11059,MICHIGAN,MU,CA,8,4,676,Residental,2014-09-16,7018023.39,38.87955,-119.215923
9966,ALABAMA,SO,ID,8,4,212,Residental,2011-04-19,4807889.66,37.048402,-120.181258
10966,SACRAMENTO,MD,MI,6,1,895,Residental,2011-11-06,7616597.22,37.447063,-119.436435
2051,DAKOTA,TF,MI,6,7,1026,Residental,2011-09-01,7290029.89,38.330017,-119.403837
4107,DAKOTA,JM,MI,5,4,160,Residental,2020-06-18,4996433.66,38.554347,-120.587991
3547,MICHIGAN,NE,ID,7,2,922,Condo,2017-08-20,4991250.05,37.548443,-120.516498
3153,SACRAMENTO,PH,SD,8,2,552,Residental,2017-06-24,7567169.27,38.414071,-120.06113
6837,DAKOTA,PF,CA,7,7,1371,Residental,2020-12-28,3536217.59,38.823394,-119.518022
10582,MICHIGAN,MH,ID,6,1,1332,Condo,2018-03-02,8551814.05,37.44178,-120.583853
10869,MICHIGAN,MN,SD,6,2,504,Condo,2014-02-02,5874509.45,37.915519,-119.478385
5114,DAKOTA,GF,AL,3,6,1279,Condo,2018-10-19,6692588.24,38.322997,-119.510986
1639,IDAHO,MU,AL,4,3,609,Condo,2011-07-18,1877491.83,37.35832,-120.491462
4205,DAKOTA,TC,MI,4,2,638,Residental,2009-11-04,4928203.14,37.410577,-120.529896
2045,DAKOTA,JM,CA,7,6,954,Condo,2010-05-05,2521040.94,38.216939,-120.943946
7751,SACRAMENTO,GE,AL,6,7,1369,Condo,2016-04-01,4346402.35,37.299049,-120.747431
1267,IDAHO,GW,SD,2,2,1121,Condo,2017-11-29,3362201.79,38.87817,-120.811491
2258,DAKOTA,TZ,AL,7,1,1099,Condo,2020-03-22,8909494.83,38.175851,-119.516585
2569,MICHIGAN,HR,SD,3,5,327,Condo,2017-03-27,4859358,38.38037,-120.269882
3185,MICHIGAN,ID,MI,2,5,328,Residental,2020-06-06,7974729.6,37.801529,-120.192773
6029,IDAHO,TL,SD,3,1,499,Condo,2011-09-12,7061350.41,38.044838,-120.618421
3482,IDAHO,PE,MI,3,6,693,Condo,2009-10-28,8320451.14,37.415254,-120.9226
4956,DAKOTA,SO,SD,6,2,453,Condo,2010-03-02,846650.17,37.320882,-120.83685
9898,ALABAMA,TM,AL,5,1,1464,Condo,2013-05-07,5517885,37.454812,-120.840922
7176,DAKOTA,BB,AL,7,6,1020,Residental,2010-08-08,4234116.07,38.190747,-119.222371
7969,SACRAMENTO,GY,CA,1,7,1228,Residental,2020-09-22,1123566.98,37.412712,-120.548926
4916,IDAHO,GA,AL,4,6,412,Residental,2014-07-21,791161.85,37.679583,-119.071593
10003,SACRAMENTO,KP,CA,3,7,259,Residental,2014-05-18,7880944.19,38.169524,-120.082888
6702,SACRAMENTO,CX,MI,1,7,827,Condo,2018-12-25,2673494.28,37.710755,-120.234869
2634,IDAHO,ES,MI,4,4,1372,Condo,2020-05-11,3948001.02,38.510576,-119.545628
7239,SACRAMENTO,GG,MI,7,1,251,Condo,2018-12-16,3140640.06,38.278382,-120.445764
8106,MICHIGAN,TJ,ID,5,4,1285,Residental,2013-04-30,4559665.66,38.078782,-120.530461
9703,MICHIGAN,AD,AL,2,7,619,Residental,2014-02-21,207390.86,37.100897,-120.326159
9003,DAKOTA,DK,AL,6,3,1322,Residental,2010-05-22,2868171.44,37.416274,-120.197225
5584,SACRAMENTO,ET,AL,4,3,1030,Condo,2016-10-12,3333215.42,37.095006,-120.76264
3955,DAKOTA,EC,ID,8,2,1159,Residental,2013-07-12,5346755.14,38.886552,-120.890716
959,DAKOTA,SG,ID,8,2,945,Residental,2011-06-09,2467083.92,37.663811,-120.196929
3976,MICHIGAN,MW,AL,2,4,276,Condo,2016-05-21,1579950.15,37.881655,-119.073304
7694,DAKOTA,KP,SD,7,6,1113,Residental,2014-11-07,3341770.15,38.512003,-120.571041
1996,IDAHO,CA,SD,8,2,1387,Residental,2017-02-14,5382025.91,37.535995,-120.463184
312,IDAHO,MQ,MI,5,5,638,Condo,2012-02-16,3692807.65,38.82505,-120.311232
9777,SACRAMENTO,UY,ID,3,3,679,Condo,2019-07-18,8432205.45,38.708025,-119.160331
5557,MICHIGAN,AQ,ID,2,7,1437,Condo,2015-08-28,4197998.54,37.927694,-120.554414
10134,DAKOTA,CD,MI,5,3,869,Condo,2013-03-08,3197661.38,37.542842,-119.811795
962,DAKOTA,PG,ID,4,2,346,Residental,2020-03-31,1322349.48,38.768633,-119.776854
11047,ALABAMA,AZ,AL,7,7,667,Condo,2018-04-09,6134082.77,38.650093,-119.357786
1006,SACRAMENTO,GM,ID,7,3,689,Condo,2018-03-07,8394679.87,38.108876,-119.741241
7377,IDAHO,HN,MI,3,3,1183,Residental,2016-02-04,6285692.12,38.364056,-119.283155
6813,SACRAMENTO,TG,AL,1,1,120,Residental,2017-02-06,4375819.68,37.622057,-120.981943
4603,IDAHO,DO,ID,8,4,1088,Condo,2010-06-19,6872667.11,37.989276,-120.472688
1451,SACRAMENTO,VN,SD,8,4,771,Residental,2010-01-08,8927602.72,37.066562,-120.241293
3623,DAKOTA,SN,CA,2,3,148,Residental,2011-12-16,7153981.31,37.422988,-120.525737
7701,MICHIGAN,CK,ID,8,6,639,Residental,2017-07-31,2162437.58,38.974922,-120.125249
9273,ALABAMA,FI,ID,2,6,414,Condo,2020-04-06,4518882.61,38.763184,-119.700168
6314,MICHIGAN,MK,MI,1,7,1335,Residental,2010-05-07,5566010.95,37.043325,-120.949226
2369,MICHIGAN,LK,CA,4,6,426,Condo,2015-05-22,6662965.02,38.477159,-119.050927
2216,MICHIGAN,RO,ID,1,7,131,Condo,2020-03-10,84748.93,37.367882,-119.38112
4768,MICHIGAN,IM,ID,7,1,1494,Residental,2016-08-19,211970.65,37.113648,-119.757162